id,fecha_emision,estudiante_id,periodo_id
21481,2026-07-22,9322,187
21482,2026-07-22,9148,187
21483,2026-07-22,8991,187
21484,2026-07-22,8952,187
21485,2026-07-22,9280,187
21486,2026-07-22,9034,187
21487,2026-07-22,9279,187
21488,2026-07-22,9123,187
21489,2026-07-22,9309,187
21490,2026-07-22,9272,187
21491,2026-07-22,9018,187
21492,2026-07-22,9246,187
21493,2026-07-22,9287,187
21494,2026-07-22,8961,187
21495,2026-07-22,9300,187
21496,2026-07-22,8968,187
21497,2026-07-22,9107,187
21498,2026-07-22,9307,187
21499,2026-07-22,8983,187
21500,2026-07-22,9146,187
21501,2026-07-22,9317,187
21502,2026-07-22,9127,187
21503,2026-07-22,9257,187
21504,2026-07-22,9085,187
21505,2026-07-22,9230,187
21506,2026-07-22,9056,187
21507,2026-07-22,9176,187
21508,2026-07-22,9240,187
21509,2026-07-22,9190,187
21510,2026-07-22,9204,187
21511,2026-07-22,9002,187
21512,2026-07-22,9278,187
21513,2026-07-22,9202,187
21514,2026-07-22,9032,187
21515,2026-07-22,9047,187
21516,2026-07-22,9286,187
21517,2026-07-22,9082,187
21518,2026-07-22,9221,187
21519,2026-07-22,8995,187
21520,2026-07-22,9265,187
21521,2026-07-22,9025,187
21522,2026-07-22,9324,187
21523,2026-07-22,9227,187
21524,2026-07-22,9259,187
21525,2026-07-22,9301,187
21526,2026-07-22,8945,187
21527,2026-07-22,9197,187
21528,2026-07-22,9232,187
21529,2026-07-22,9078,187
21530,2026-07-22,8946,187
21531,2026-07-22,9119,187
21532,2026-07-22,9212,187
21533,2026-07-22,9248,187
21534,2026-07-22,9185,187
21535,2026-07-22,9036,187
21536,2026-07-22,9000,187
21537,2026-07-22,8955,187
21538,2026-07-22,9288,187
21539,2026-07-22,9014,187
21540,2026-07-22,8999,187
21541,2026-07-22,8944,187
21542,2026-07-22,9213,187
21543,2026-07-22,9105,187
21544,2026-07-22,9273,187
21545,2026-07-22,9140,187
21546,2026-07-22,9131,187
21547,2026-07-22,8984,187
21548,2026-07-22,9042,187
21549,2026-07-22,9151,187
21550,2026-07-22,8976,187
21551,2026-07-22,9104,187
21552,2026-07-22,9170,187
21553,2026-07-22,9141,187
21554,2026-07-22,9164,187
21555,2026-07-22,9256,187
21556,2026-07-22,9144,187
21557,2026-07-22,9079,187
21558,2026-07-22,9150,187
21559,2026-07-22,9274,187
21560,2026-07-22,9335,187
21561,2026-07-22,9010,187
21562,2026-07-22,9320,187
21563,2026-07-22,8943,187
21564,2026-07-22,8992,187
21565,2026-07-22,9258,187
21566,2026-07-22,9187,187
21567,2026-07-22,9063,187
21568,2026-07-22,9262,187
21569,2026-07-22,9149,187
21570,2026-07-22,9050,187
21571,2026-07-22,8958,187
21572,2026-07-22,9323,187
21573,2026-07-22,9087,187
21574,2026-07-22,9179,187
21575,2026-07-22,9167,187
21576,2026-07-22,8963,187
21577,2026-07-22,9125,187
21578,2026-07-22,9029,187
21579,2026-07-22,9015,187
21580,2026-07-22,9084,187
21581,2026-07-22,9147,187
21582,2026-07-22,8948,187
21583,2026-07-22,9295,187
21584,2026-07-22,9136,187
21585,2026-07-22,9339,187
21586,2026-07-22,9171,187
21587,2026-07-22,9201,187
21588,2026-07-22,9306,187
21589,2026-07-22,9249,187
21590,2026-07-22,9203,187
21591,2026-07-22,8972,187
21592,2026-07-22,9020,187
21593,2026-07-22,9080,187
21594,2026-07-22,9311,187
21595,2026-07-22,9154,187
21596,2026-07-22,9052,187
21597,2026-07-22,9101,187
21598,2026-07-22,9205,187
21599,2026-07-22,9113,187
21600,2026-07-22,9096,187
21601,2026-07-22,9021,187
21602,2026-07-22,8990,187
21603,2026-07-22,8966,187
21604,2026-07-22,9200,187
21605,2026-07-22,9283,187
21606,2026-07-22,9114,187
21607,2026-07-22,9245,187
21608,2026-07-22,9058,187
21609,2026-07-22,9124,187
21610,2026-07-22,9276,187
21611,2026-07-22,9077,187
21612,2026-07-22,9139,187
21613,2026-07-22,9238,187
21614,2026-07-22,9057,187
21615,2026-07-22,9043,187
21616,2026-07-22,9061,187
21617,2026-07-22,9338,187
21618,2026-07-22,9037,187
21619,2026-07-22,9290,187
21620,2026-07-22,9076,187
21621,2026-07-22,9189,187
21622,2026-07-22,9199,187
21623,2026-07-22,9218,187
21624,2026-07-22,9074,187
21625,2026-07-22,9068,187
21626,2026-07-22,8953,187
21627,2026-07-22,8989,187
21628,2026-07-22,9291,187
21629,2026-07-22,9271,187
21630,2026-07-22,9277,187
21631,2026-07-22,9163,187
21632,2026-07-22,9285,187
21633,2026-07-22,9224,187
21634,2026-07-22,9066,187
21635,2026-07-22,9069,187
21636,2026-07-22,9160,187
21637,2026-07-22,9325,187
21638,2026-07-22,9155,187
21639,2026-07-22,9214,187
21640,2026-07-22,9219,187
21641,2026-07-22,8949,187
21642,2026-07-22,9305,187
21643,2026-07-22,9194,187
21644,2026-07-22,9228,187
21645,2026-07-22,9225,187
21646,2026-07-22,9299,187
21647,2026-07-22,9092,187
21648,2026-07-22,9234,187
21649,2026-07-22,9319,187
21650,2026-07-22,9130,187
21651,2026-07-22,9054,187
21652,2026-07-22,9111,187
21653,2026-07-22,9268,187
21654,2026-07-22,9284,187
21655,2026-07-22,8981,187
21656,2026-07-22,9156,187
21657,2026-07-22,9046,187
21658,2026-07-22,9031,187
21659,2026-07-22,9243,187
21660,2026-07-22,9241,187
21661,2026-07-22,8964,187
21662,2026-07-22,9071,187
21663,2026-07-22,9019,187
21664,2026-07-22,9035,187
21665,2026-07-22,9175,187
21666,2026-07-22,9242,187
21667,2026-07-22,9121,187
21668,2026-07-22,9095,187
21669,2026-07-22,9266,187
21670,2026-07-22,9006,187
21671,2026-07-22,8962,187
21672,2026-07-22,9181,187
21673,2026-07-22,9231,187
21674,2026-07-22,9174,187
21675,2026-07-22,9310,187
21676,2026-07-22,9340,187
21677,2026-07-22,9226,187
21678,2026-07-22,9330,187
21679,2026-07-22,8965,187
21680,2026-07-22,9004,187
21681,2026-07-22,9137,187
21682,2026-07-22,9216,187
21683,2026-07-22,9100,187
21684,2026-07-22,9223,187
21685,2026-07-22,9183,187
21686,2026-07-22,9044,187
21687,2026-07-22,9303,187
21688,2026-07-22,9038,187
21689,2026-07-22,9294,187
21690,2026-07-22,9133,187
21691,2026-07-22,9008,187
21692,2026-07-22,8942,187
21693,2026-07-22,8954,187
21694,2026-07-22,9067,187
21695,2026-07-22,9099,187
21696,2026-07-22,8973,187
21697,2026-07-22,9022,187
21698,2026-07-22,9112,187
21699,2026-07-22,9328,187
21700,2026-07-22,9143,187
21701,2026-07-22,8993,187
21702,2026-07-22,9166,187
21703,2026-07-22,9065,187
21704,2026-07-22,9333,187
21705,2026-07-22,9120,187
21706,2026-07-22,8947,187
21707,2026-07-22,9215,187
21708,2026-07-22,8950,187
21709,2026-07-22,9198,187
21710,2026-07-22,9045,187
21711,2026-07-22,9108,187
21712,2026-07-22,9083,187
21713,2026-07-22,9336,187
21714,2026-07-22,9251,187
21715,2026-07-22,9102,187
21716,2026-07-22,9267,187
21717,2026-07-22,9281,187
21718,2026-07-22,9117,187
21719,2026-07-22,9013,187
21720,2026-07-22,9220,187
21721,2026-07-22,9055,187
21722,2026-07-22,9115,187
21723,2026-07-22,8998,187
21724,2026-07-22,8969,187
21725,2026-07-22,9027,187
21726,2026-07-22,9308,187
21727,2026-07-22,9270,187
21728,2026-07-22,9138,187
21729,2026-07-22,9304,187
21730,2026-07-22,8971,187
21731,2026-07-22,9134,187
21732,2026-07-22,9011,187
21733,2026-07-22,9039,187
21734,2026-07-22,9075,187
21735,2026-07-22,9072,187
21736,2026-07-22,9184,187
21737,2026-07-22,9016,187
21738,2026-07-22,9041,187
21739,2026-07-22,9208,187
21740,2026-07-22,9275,187
21741,2026-07-22,9239,187
21742,2026-07-22,9173,187
21743,2026-07-22,9289,187
21744,2026-07-22,9172,187
21745,2026-07-22,9110,187
21746,2026-07-22,9236,187
21747,2026-07-22,9337,187
21748,2026-07-22,9165,187
21749,2026-07-22,8951,187
21750,2026-07-22,9191,187
21751,2026-07-22,9282,187
21752,2026-07-22,9028,187
21753,2026-07-22,8987,187
21754,2026-07-22,9168,187
21755,2026-07-22,9298,187
21756,2026-07-22,9017,187
21757,2026-07-22,9062,187
21758,2026-07-22,9128,187
21759,2026-07-22,9169,187
21760,2026-07-22,8957,187
21761,2026-07-22,9059,187
21762,2026-07-22,8978,187
21763,2026-07-22,9064,187
21764,2026-07-22,9196,187
21765,2026-07-22,9053,187
21766,2026-07-22,9145,187
21767,2026-07-22,8997,187
21768,2026-07-22,9161,187
21769,2026-07-22,9237,187
21770,2026-07-22,9153,187
21771,2026-07-22,9026,187
21772,2026-07-22,9192,187
21773,2026-07-22,9132,187
21774,2026-07-22,9162,187
21775,2026-07-22,8960,187
21776,2026-07-22,9177,187
21777,2026-07-22,9157,187
21778,2026-07-22,9186,187
21779,2026-07-22,9086,187
21780,2026-07-22,8982,187
21781,2026-07-22,9158,187
21782,2026-07-22,9049,187
21783,2026-07-22,9178,187
21784,2026-07-22,9332,187
21785,2026-07-22,9030,187
21786,2026-07-22,9051,187
21787,2026-07-22,8977,187
21788,2026-07-22,9012,187
21789,2026-07-22,9314,187
21790,2026-07-22,9024,187
21791,2026-07-22,9093,187
21792,2026-07-22,9315,187
21793,2026-07-22,9142,187
21794,2026-07-22,9217,187
21795,2026-07-22,9126,187
21796,2026-07-22,9070,187
21797,2026-07-22,9313,187
21798,2026-07-22,9180,187
21799,2026-07-22,9005,187
21800,2026-07-22,9244,187
21801,2026-07-22,9091,187
21802,2026-07-22,9327,187
21803,2026-07-22,8986,187
21804,2026-07-22,9316,187
21805,2026-07-22,9116,187
21806,2026-07-22,8979,187
21807,2026-07-22,8994,187
21808,2026-07-22,9247,187
21809,2026-07-22,9206,187
21810,2026-07-22,9118,187
21811,2026-07-22,8980,187
21812,2026-07-22,9326,187
21813,2026-07-22,9312,187
21814,2026-07-22,8956,187
21815,2026-07-22,9269,187
21816,2026-07-22,9261,187
21817,2026-07-22,8967,187
21818,2026-07-22,9023,187
21819,2026-07-22,9097,187
21820,2026-07-22,9098,187
21821,2026-07-22,9322,188
21822,2026-07-22,9148,188
21823,2026-07-22,8991,188
21824,2026-07-22,8952,188
21825,2026-07-22,9280,188
21826,2026-07-22,9034,188
21827,2026-07-22,9279,188
21828,2026-07-22,9123,188
21829,2026-07-22,9309,188
21830,2026-07-22,9272,188
21831,2026-07-22,9018,188
21832,2026-07-22,9246,188
21833,2026-07-22,9287,188
21834,2026-07-22,8961,188
21835,2026-07-22,9300,188
21836,2026-07-22,8968,188
21837,2026-07-22,9107,188
21838,2026-07-22,9307,188
21839,2026-07-22,8983,188
21840,2026-07-22,9146,188
21841,2026-07-22,9317,188
21842,2026-07-22,9127,188
21843,2026-07-22,9257,188
21844,2026-07-22,9085,188
21845,2026-07-22,9230,188
21846,2026-07-22,9056,188
21847,2026-07-22,9176,188
21848,2026-07-22,9240,188
21849,2026-07-22,9190,188
21850,2026-07-22,9204,188
21851,2026-07-22,9002,188
21852,2026-07-22,9278,188
21853,2026-07-22,9202,188
21854,2026-07-22,9032,188
21855,2026-07-22,9047,188
21856,2026-07-22,9286,188
21857,2026-07-22,9082,188
21858,2026-07-22,9221,188
21859,2026-07-22,8995,188
21860,2026-07-22,9265,188
21861,2026-07-22,9025,188
21862,2026-07-22,9324,188
21863,2026-07-22,9227,188
21864,2026-07-22,9259,188
21865,2026-07-22,9301,188
21866,2026-07-22,8945,188
21867,2026-07-22,9197,188
21868,2026-07-22,9232,188
21869,2026-07-22,9078,188
21870,2026-07-22,8946,188
21871,2026-07-22,9119,188
21872,2026-07-22,9212,188
21873,2026-07-22,9248,188
21874,2026-07-22,9185,188
21875,2026-07-22,9036,188
21876,2026-07-22,9000,188
21877,2026-07-22,8955,188
21878,2026-07-22,9288,188
21879,2026-07-22,9014,188
21880,2026-07-22,8999,188
21881,2026-07-22,8944,188
21882,2026-07-22,9213,188
21883,2026-07-22,9105,188
21884,2026-07-22,9273,188
21885,2026-07-22,9140,188
21886,2026-07-22,9131,188
21887,2026-07-22,8984,188
21888,2026-07-22,9042,188
21889,2026-07-22,9151,188
21890,2026-07-22,8976,188
21891,2026-07-22,9104,188
21892,2026-07-22,9170,188
21893,2026-07-22,9141,188
21894,2026-07-22,9164,188
21895,2026-07-22,9256,188
21896,2026-07-22,9144,188
21897,2026-07-22,9079,188
21898,2026-07-22,9150,188
21899,2026-07-22,9274,188
21900,2026-07-22,9335,188
21901,2026-07-22,9010,188
21902,2026-07-22,9320,188
21903,2026-07-22,8943,188
21904,2026-07-22,8992,188
21905,2026-07-22,9258,188
21906,2026-07-22,9187,188
21907,2026-07-22,9063,188
21908,2026-07-22,9262,188
21909,2026-07-22,9149,188
21910,2026-07-22,9050,188
21911,2026-07-22,8958,188
21912,2026-07-22,9323,188
21913,2026-07-22,9087,188
21914,2026-07-22,9179,188
21915,2026-07-22,9167,188
21916,2026-07-22,8963,188
21917,2026-07-22,9125,188
21918,2026-07-22,9029,188
21919,2026-07-22,9015,188
21920,2026-07-22,9084,188
21921,2026-07-22,9147,188
21922,2026-07-22,8948,188
21923,2026-07-22,9295,188
21924,2026-07-22,9136,188
21925,2026-07-22,9339,188
21926,2026-07-22,9171,188
21927,2026-07-22,9201,188
21928,2026-07-22,9306,188
21929,2026-07-22,9249,188
21930,2026-07-22,9203,188
21931,2026-07-22,8972,188
21932,2026-07-22,9020,188
21933,2026-07-22,9080,188
21934,2026-07-22,9311,188
21935,2026-07-22,9154,188
21936,2026-07-22,9052,188
21937,2026-07-22,9101,188
21938,2026-07-22,9205,188
21939,2026-07-22,9113,188
21940,2026-07-22,9096,188
21941,2026-07-22,9021,188
21942,2026-07-22,8990,188
21943,2026-07-22,8966,188
21944,2026-07-22,9200,188
21945,2026-07-22,9283,188
21946,2026-07-22,9114,188
21947,2026-07-22,9245,188
21948,2026-07-22,9058,188
21949,2026-07-22,9124,188
21950,2026-07-22,9276,188
21951,2026-07-22,9077,188
21952,2026-07-22,9139,188
21953,2026-07-22,9238,188
21954,2026-07-22,9057,188
21955,2026-07-22,9043,188
21956,2026-07-22,9061,188
21957,2026-07-22,9338,188
21958,2026-07-22,9037,188
21959,2026-07-22,9290,188
21960,2026-07-22,9076,188
21961,2026-07-22,9189,188
21962,2026-07-22,9199,188
21963,2026-07-22,9218,188
21964,2026-07-22,9074,188
21965,2026-07-22,9068,188
21966,2026-07-22,8953,188
21967,2026-07-22,8989,188
21968,2026-07-22,9291,188
21969,2026-07-22,9271,188
21970,2026-07-22,9277,188
21971,2026-07-22,9163,188
21972,2026-07-22,9285,188
21973,2026-07-22,9224,188
21974,2026-07-22,9066,188
21975,2026-07-22,9069,188
21976,2026-07-22,9160,188
21977,2026-07-22,9325,188
21978,2026-07-22,9155,188
21979,2026-07-22,9214,188
21980,2026-07-22,9219,188
21981,2026-07-22,8949,188
21982,2026-07-22,9305,188
21983,2026-07-22,9194,188
21984,2026-07-22,9228,188
21985,2026-07-22,9225,188
21986,2026-07-22,9299,188
21987,2026-07-22,9092,188
21988,2026-07-22,9234,188
21989,2026-07-22,9319,188
21990,2026-07-22,9130,188
21991,2026-07-22,9054,188
21992,2026-07-22,9111,188
21993,2026-07-22,9268,188
21994,2026-07-22,9284,188
21995,2026-07-22,8981,188
21996,2026-07-22,9156,188
21997,2026-07-22,9046,188
21998,2026-07-22,9031,188
21999,2026-07-22,9243,188
22000,2026-07-22,9241,188
22001,2026-07-22,8964,188
22002,2026-07-22,9071,188
22003,2026-07-22,9019,188
22004,2026-07-22,9035,188
22005,2026-07-22,9175,188
22006,2026-07-22,9242,188
22007,2026-07-22,9121,188
22008,2026-07-22,9095,188
22009,2026-07-22,9266,188
22010,2026-07-22,9006,188
22011,2026-07-22,8962,188
22012,2026-07-22,9181,188
22013,2026-07-22,9231,188
22014,2026-07-22,9174,188
22015,2026-07-22,9310,188
22016,2026-07-22,9340,188
22017,2026-07-22,9226,188
22018,2026-07-22,9330,188
22019,2026-07-22,8965,188
22020,2026-07-22,9004,188
22021,2026-07-22,9137,188
22022,2026-07-22,9216,188
22023,2026-07-22,9100,188
22024,2026-07-22,9223,188
22025,2026-07-22,9183,188
22026,2026-07-22,9044,188
22027,2026-07-22,9303,188
22028,2026-07-22,9038,188
22029,2026-07-22,9294,188
22030,2026-07-22,9133,188
22031,2026-07-22,9008,188
22032,2026-07-22,8942,188
22033,2026-07-22,8954,188
22034,2026-07-22,9067,188
22035,2026-07-22,9099,188
22036,2026-07-22,8973,188
22037,2026-07-22,9022,188
22038,2026-07-22,9112,188
22039,2026-07-22,9328,188
22040,2026-07-22,9143,188
22041,2026-07-22,8993,188
22042,2026-07-22,9166,188
22043,2026-07-22,9065,188
22044,2026-07-22,9333,188
22045,2026-07-22,9120,188
22046,2026-07-22,8947,188
22047,2026-07-22,9215,188
22048,2026-07-22,8950,188
22049,2026-07-22,9198,188
22050,2026-07-22,9045,188
22051,2026-07-22,9108,188
22052,2026-07-22,9083,188
22053,2026-07-22,9336,188
22054,2026-07-22,9251,188
22055,2026-07-22,9102,188
22056,2026-07-22,9267,188
22057,2026-07-22,9281,188
22058,2026-07-22,9117,188
22059,2026-07-22,9013,188
22060,2026-07-22,9220,188
22061,2026-07-22,9055,188
22062,2026-07-22,9115,188
22063,2026-07-22,8998,188
22064,2026-07-22,8969,188
22065,2026-07-22,9027,188
22066,2026-07-22,9308,188
22067,2026-07-22,9270,188
22068,2026-07-22,9138,188
22069,2026-07-22,9304,188
22070,2026-07-22,8971,188
22071,2026-07-22,9134,188
22072,2026-07-22,9011,188
22073,2026-07-22,9039,188
22074,2026-07-22,9075,188
22075,2026-07-22,9072,188
22076,2026-07-22,9184,188
22077,2026-07-22,9016,188
22078,2026-07-22,9041,188
22079,2026-07-22,9208,188
22080,2026-07-22,9275,188
22081,2026-07-22,9239,188
22082,2026-07-22,9173,188
22083,2026-07-22,9289,188
22084,2026-07-22,9172,188
22085,2026-07-22,9110,188
22086,2026-07-22,9236,188
22087,2026-07-22,9337,188
22088,2026-07-22,9165,188
22089,2026-07-22,8951,188
22090,2026-07-22,9191,188
22091,2026-07-22,9282,188
22092,2026-07-22,9028,188
22093,2026-07-22,8987,188
22094,2026-07-22,9168,188
22095,2026-07-22,9298,188
22096,2026-07-22,9017,188
22097,2026-07-22,9062,188
22098,2026-07-22,9128,188
22099,2026-07-22,9169,188
22100,2026-07-22,8957,188
22101,2026-07-22,9059,188
22102,2026-07-22,8978,188
22103,2026-07-22,9064,188
22104,2026-07-22,9196,188
22105,2026-07-22,9053,188
22106,2026-07-22,9145,188
22107,2026-07-22,8997,188
22108,2026-07-22,9161,188
22109,2026-07-22,9237,188
22110,2026-07-22,9153,188
22111,2026-07-22,9026,188
22112,2026-07-22,9192,188
22113,2026-07-22,9132,188
22114,2026-07-22,9162,188
22115,2026-07-22,8960,188
22116,2026-07-22,9177,188
22117,2026-07-22,9157,188
22118,2026-07-22,9186,188
22119,2026-07-22,9086,188
22120,2026-07-22,8982,188
22121,2026-07-22,9158,188
22122,2026-07-22,9049,188
22123,2026-07-22,9178,188
22124,2026-07-22,9332,188
22125,2026-07-22,9030,188
22126,2026-07-22,9051,188
22127,2026-07-22,8977,188
22128,2026-07-22,9012,188
22129,2026-07-22,9314,188
22130,2026-07-22,9024,188
22131,2026-07-22,9093,188
22132,2026-07-22,9315,188
22133,2026-07-22,9142,188
22134,2026-07-22,9217,188
22135,2026-07-22,9126,188
22136,2026-07-22,9070,188
22137,2026-07-22,9313,188
22138,2026-07-22,9180,188
22139,2026-07-22,9005,188
22140,2026-07-22,9244,188
22141,2026-07-22,9091,188
22142,2026-07-22,9327,188
22143,2026-07-22,8986,188
22144,2026-07-22,9316,188
22145,2026-07-22,9116,188
22146,2026-07-22,8979,188
22147,2026-07-22,8994,188
22148,2026-07-22,9247,188
22149,2026-07-22,9206,188
22150,2026-07-22,9118,188
22151,2026-07-22,8980,188
22152,2026-07-22,9326,188
22153,2026-07-22,9312,188
22154,2026-07-22,8956,188
22155,2026-07-22,9269,188
22156,2026-07-22,9261,188
22157,2026-07-22,8967,188
22158,2026-07-22,9023,188
22159,2026-07-22,9097,188
22160,2026-07-22,9098,188
22161,2026-07-22,9322,189
22162,2026-07-22,9148,189
22163,2026-07-22,8991,189
22164,2026-07-22,8952,189
22165,2026-07-22,9280,189
22166,2026-07-22,9034,189
22167,2026-07-22,9279,189
22168,2026-07-22,9123,189
22169,2026-07-22,9309,189
22170,2026-07-22,9272,189
22171,2026-07-22,9018,189
22172,2026-07-22,9246,189
22173,2026-07-22,9287,189
22174,2026-07-22,8961,189
22175,2026-07-22,9300,189
22176,2026-07-22,8968,189
22177,2026-07-22,9107,189
22178,2026-07-22,9307,189
22179,2026-07-22,8983,189
22180,2026-07-22,9146,189
22181,2026-07-22,9317,189
22182,2026-07-22,9127,189
22183,2026-07-22,9257,189
22184,2026-07-22,9085,189
22185,2026-07-22,9230,189
22186,2026-07-22,9056,189
22187,2026-07-22,9176,189
22188,2026-07-22,9240,189
22189,2026-07-22,9190,189
22190,2026-07-22,9204,189
22191,2026-07-22,9002,189
22192,2026-07-22,9278,189
22193,2026-07-22,9202,189
22194,2026-07-22,9032,189
22195,2026-07-22,9047,189
22196,2026-07-22,9286,189
22197,2026-07-22,9082,189
22198,2026-07-22,9221,189
22199,2026-07-22,8995,189
22200,2026-07-22,9265,189
22201,2026-07-22,9025,189
22202,2026-07-22,9324,189
22203,2026-07-22,9227,189
22204,2026-07-22,9259,189
22205,2026-07-22,9301,189
22206,2026-07-22,8945,189
22207,2026-07-22,9197,189
22208,2026-07-22,9232,189
22209,2026-07-22,9078,189
22210,2026-07-22,8946,189
22211,2026-07-22,9119,189
22212,2026-07-22,9212,189
22213,2026-07-22,9248,189
22214,2026-07-22,9185,189
22215,2026-07-22,9036,189
22216,2026-07-22,9000,189
22217,2026-07-22,8955,189
22218,2026-07-22,9288,189
22219,2026-07-22,9014,189
22220,2026-07-22,8999,189
22221,2026-07-22,8944,189
22222,2026-07-22,9213,189
22223,2026-07-22,9105,189
22224,2026-07-22,9273,189
22225,2026-07-22,9140,189
22226,2026-07-22,9131,189
22227,2026-07-22,8984,189
22228,2026-07-22,9042,189
22229,2026-07-22,9151,189
22230,2026-07-22,8976,189
22231,2026-07-22,9104,189
22232,2026-07-22,9170,189
22233,2026-07-22,9141,189
22234,2026-07-22,9164,189
22235,2026-07-22,9256,189
22236,2026-07-22,9144,189
22237,2026-07-22,9079,189
22238,2026-07-22,9150,189
22239,2026-07-22,9274,189
22240,2026-07-22,9335,189
22241,2026-07-22,9010,189
22242,2026-07-22,9320,189
22243,2026-07-22,8943,189
22244,2026-07-22,8992,189
22245,2026-07-22,9258,189
22246,2026-07-22,9187,189
22247,2026-07-22,9063,189
22248,2026-07-22,9262,189
22249,2026-07-22,9149,189
22250,2026-07-22,9050,189
22251,2026-07-22,8958,189
22252,2026-07-22,9323,189
22253,2026-07-22,9087,189
22254,2026-07-22,9179,189
22255,2026-07-22,9167,189
22256,2026-07-22,8963,189
22257,2026-07-22,9125,189
22258,2026-07-22,9029,189
22259,2026-07-22,9015,189
22260,2026-07-22,9084,189
22261,2026-07-22,9147,189
22262,2026-07-22,8948,189
22263,2026-07-22,9295,189
22264,2026-07-22,9136,189
22265,2026-07-22,9339,189
22266,2026-07-22,9171,189
22267,2026-07-22,9201,189
22268,2026-07-22,9306,189
22269,2026-07-22,9249,189
22270,2026-07-22,9203,189
22271,2026-07-22,8972,189
22272,2026-07-22,9020,189
22273,2026-07-22,9080,189
22274,2026-07-22,9311,189
22275,2026-07-22,9154,189
22276,2026-07-22,9052,189
22277,2026-07-22,9101,189
22278,2026-07-22,9205,189
22279,2026-07-22,9113,189
22280,2026-07-22,9096,189
22281,2026-07-22,9021,189
22282,2026-07-22,8990,189
22283,2026-07-22,8966,189
22284,2026-07-22,9200,189
22285,2026-07-22,9283,189
22286,2026-07-22,9114,189
22287,2026-07-22,9245,189
22288,2026-07-22,9058,189
22289,2026-07-22,9124,189
22290,2026-07-22,9276,189
22291,2026-07-22,9077,189
22292,2026-07-22,9139,189
22293,2026-07-22,9238,189
22294,2026-07-22,9057,189
22295,2026-07-22,9043,189
22296,2026-07-22,9061,189
22297,2026-07-22,9338,189
22298,2026-07-22,9037,189
22299,2026-07-22,9290,189
22300,2026-07-22,9076,189
22301,2026-07-22,9189,189
22302,2026-07-22,9199,189
22303,2026-07-22,9218,189
22304,2026-07-22,9074,189
22305,2026-07-22,9068,189
22306,2026-07-22,8953,189
22307,2026-07-22,8989,189
22308,2026-07-22,9291,189
22309,2026-07-22,9271,189
22310,2026-07-22,9277,189
22311,2026-07-22,9163,189
22312,2026-07-22,9285,189
22313,2026-07-22,9224,189
22314,2026-07-22,9066,189
22315,2026-07-22,9069,189
22316,2026-07-22,9160,189
22317,2026-07-22,9325,189
22318,2026-07-22,9155,189
22319,2026-07-22,9214,189
22320,2026-07-22,9219,189
22321,2026-07-22,8949,189
22322,2026-07-22,9305,189
22323,2026-07-22,9194,189
22324,2026-07-22,9228,189
22325,2026-07-22,9225,189
22326,2026-07-22,9299,189
22327,2026-07-22,9092,189
22328,2026-07-22,9234,189
22329,2026-07-22,9319,189
22330,2026-07-22,9130,189
22331,2026-07-22,9054,189
22332,2026-07-22,9111,189
22333,2026-07-22,9268,189
22334,2026-07-22,9284,189
22335,2026-07-22,8981,189
22336,2026-07-22,9156,189
22337,2026-07-22,9046,189
22338,2026-07-22,9031,189
22339,2026-07-22,9243,189
22340,2026-07-22,9241,189
22341,2026-07-22,8964,189
22342,2026-07-22,9071,189
22343,2026-07-22,9019,189
22344,2026-07-22,9035,189
22345,2026-07-22,9175,189
22346,2026-07-22,9242,189
22347,2026-07-22,9121,189
22348,2026-07-22,9095,189
22349,2026-07-22,9266,189
22350,2026-07-22,9006,189
22351,2026-07-22,8962,189
22352,2026-07-22,9181,189
22353,2026-07-22,9231,189
22354,2026-07-22,9174,189
22355,2026-07-22,9310,189
22356,2026-07-22,9340,189
22357,2026-07-22,9226,189
22358,2026-07-22,9330,189
22359,2026-07-22,8965,189
22360,2026-07-22,9004,189
22361,2026-07-22,9137,189
22362,2026-07-22,9216,189
22363,2026-07-22,9100,189
22364,2026-07-22,9223,189
22365,2026-07-22,9183,189
22366,2026-07-22,9044,189
22367,2026-07-22,9303,189
22368,2026-07-22,9038,189
22369,2026-07-22,9294,189
22370,2026-07-22,9133,189
22371,2026-07-22,9008,189
22372,2026-07-22,8942,189
22373,2026-07-22,8954,189
22374,2026-07-22,9067,189
22375,2026-07-22,9099,189
22376,2026-07-22,8973,189
22377,2026-07-22,9022,189
22378,2026-07-22,9112,189
22379,2026-07-22,9328,189
22380,2026-07-22,9143,189
22381,2026-07-22,8993,189
22382,2026-07-22,9166,189
22383,2026-07-22,9065,189
22384,2026-07-22,9333,189
22385,2026-07-22,9120,189
22386,2026-07-22,8947,189
22387,2026-07-22,9215,189
22388,2026-07-22,8950,189
22389,2026-07-22,9198,189
22390,2026-07-22,9045,189
22391,2026-07-22,9108,189
22392,2026-07-22,9083,189
22393,2026-07-22,9336,189
22394,2026-07-22,9251,189
22395,2026-07-22,9102,189
22396,2026-07-22,9267,189
22397,2026-07-22,9281,189
22398,2026-07-22,9117,189
22399,2026-07-22,9013,189
22400,2026-07-22,9220,189
22401,2026-07-22,9055,189
22402,2026-07-22,9115,189
22403,2026-07-22,8998,189
22404,2026-07-22,8969,189
22405,2026-07-22,9027,189
22406,2026-07-22,9308,189
22407,2026-07-22,9270,189
22408,2026-07-22,9138,189
22409,2026-07-22,9304,189
22410,2026-07-22,8971,189
22411,2026-07-22,9134,189
22412,2026-07-22,9011,189
22413,2026-07-22,9039,189
22414,2026-07-22,9075,189
22415,2026-07-22,9072,189
22416,2026-07-22,9184,189
22417,2026-07-22,9016,189
22418,2026-07-22,9041,189
22419,2026-07-22,9208,189
22420,2026-07-22,9275,189
22421,2026-07-22,9239,189
22422,2026-07-22,9173,189
22423,2026-07-22,9289,189
22424,2026-07-22,9172,189
22425,2026-07-22,9110,189
22426,2026-07-22,9236,189
22427,2026-07-22,9337,189
22428,2026-07-22,9165,189
22429,2026-07-22,8951,189
22430,2026-07-22,9191,189
22431,2026-07-22,9282,189
22432,2026-07-22,9028,189
22433,2026-07-22,8987,189
22434,2026-07-22,9168,189
22435,2026-07-22,9298,189
22436,2026-07-22,9017,189
22437,2026-07-22,9062,189
22438,2026-07-22,9128,189
22439,2026-07-22,9169,189
22440,2026-07-22,8957,189
22441,2026-07-22,9059,189
22442,2026-07-22,8978,189
22443,2026-07-22,9064,189
22444,2026-07-22,9196,189
22445,2026-07-22,9053,189
22446,2026-07-22,9145,189
22447,2026-07-22,8997,189
22448,2026-07-22,9161,189
22449,2026-07-22,9237,189
22450,2026-07-22,9153,189
22451,2026-07-22,9026,189
22452,2026-07-22,9192,189
22453,2026-07-22,9132,189
22454,2026-07-22,9162,189
22455,2026-07-22,8960,189
22456,2026-07-22,9177,189
22457,2026-07-22,9157,189
22458,2026-07-22,9186,189
22459,2026-07-22,9086,189
22460,2026-07-22,8982,189
22461,2026-07-22,9158,189
22462,2026-07-22,9049,189
22463,2026-07-22,9178,189
22464,2026-07-22,9332,189
22465,2026-07-22,9030,189
22466,2026-07-22,9051,189
22467,2026-07-22,8977,189
22468,2026-07-22,9012,189
22469,2026-07-22,9314,189
22470,2026-07-22,9024,189
22471,2026-07-22,9093,189
22472,2026-07-22,9315,189
22473,2026-07-22,9142,189
22474,2026-07-22,9217,189
22475,2026-07-22,9126,189
22476,2026-07-22,9070,189
22477,2026-07-22,9313,189
22478,2026-07-22,9180,189
22479,2026-07-22,9005,189
22480,2026-07-22,9244,189
22481,2026-07-22,9091,189
22482,2026-07-22,9327,189
22483,2026-07-22,8986,189
22484,2026-07-22,9316,189
22485,2026-07-22,9116,189
22486,2026-07-22,8979,189
22487,2026-07-22,8994,189
22488,2026-07-22,9247,189
22489,2026-07-22,9206,189
22490,2026-07-22,9118,189
22491,2026-07-22,8980,189
22492,2026-07-22,9326,189
22493,2026-07-22,9312,189
22494,2026-07-22,8956,189
22495,2026-07-22,9269,189
22496,2026-07-22,9261,189
22497,2026-07-22,8967,189
22498,2026-07-22,9023,189
22499,2026-07-22,9097,189
22500,2026-07-22,9098,189
22501,2026-07-22,9322,190
22502,2026-07-22,9148,190
22503,2026-07-22,8991,190
22504,2026-07-22,8952,190
22505,2026-07-22,9280,190
22506,2026-07-22,9034,190
22507,2026-07-22,9279,190
22508,2026-07-22,9123,190
22509,2026-07-22,9309,190
22510,2026-07-22,9272,190
22511,2026-07-22,9018,190
22512,2026-07-22,9246,190
22513,2026-07-22,9287,190
22514,2026-07-22,8961,190
22515,2026-07-22,9300,190
22516,2026-07-22,8968,190
22517,2026-07-22,9107,190
22518,2026-07-22,9307,190
22519,2026-07-22,8983,190
22520,2026-07-22,9146,190
22521,2026-07-22,9317,190
22522,2026-07-22,9127,190
22523,2026-07-22,9257,190
22524,2026-07-22,9085,190
22525,2026-07-22,9230,190
22526,2026-07-22,9056,190
22527,2026-07-22,9176,190
22528,2026-07-22,9240,190
22529,2026-07-22,9190,190
22530,2026-07-22,9204,190
22531,2026-07-22,9002,190
22532,2026-07-22,9278,190
22533,2026-07-22,9202,190
22534,2026-07-22,9032,190
22535,2026-07-22,9047,190
22536,2026-07-22,9286,190
22537,2026-07-22,9082,190
22538,2026-07-22,9221,190
22539,2026-07-22,8995,190
22540,2026-07-22,9265,190
22541,2026-07-22,9025,190
22542,2026-07-22,9324,190
22543,2026-07-22,9227,190
22544,2026-07-22,9259,190
22545,2026-07-22,9301,190
22546,2026-07-22,8945,190
22547,2026-07-22,9197,190
22548,2026-07-22,9232,190
22549,2026-07-22,9078,190
22550,2026-07-22,8946,190
22551,2026-07-22,9119,190
22552,2026-07-22,9212,190
22553,2026-07-22,9248,190
22554,2026-07-22,9185,190
22555,2026-07-22,9036,190
22556,2026-07-22,9000,190
22557,2026-07-22,8955,190
22558,2026-07-22,9288,190
22559,2026-07-22,9014,190
22560,2026-07-22,8999,190
22561,2026-07-22,8944,190
22562,2026-07-22,9213,190
22563,2026-07-22,9105,190
22564,2026-07-22,9273,190
22565,2026-07-22,9140,190
22566,2026-07-22,9131,190
22567,2026-07-22,8984,190
22568,2026-07-22,9042,190
22569,2026-07-22,9151,190
22570,2026-07-22,8976,190
22571,2026-07-22,9104,190
22572,2026-07-22,9170,190
22573,2026-07-22,9141,190
22574,2026-07-22,9164,190
22575,2026-07-22,9256,190
22576,2026-07-22,9144,190
22577,2026-07-22,9079,190
22578,2026-07-22,9150,190
22579,2026-07-22,9274,190
22580,2026-07-22,9335,190
22581,2026-07-22,9010,190
22582,2026-07-22,9320,190
22583,2026-07-22,8943,190
22584,2026-07-22,8992,190
22585,2026-07-22,9258,190
22586,2026-07-22,9187,190
22587,2026-07-22,9063,190
22588,2026-07-22,9262,190
22589,2026-07-22,9149,190
22590,2026-07-22,9050,190
22591,2026-07-22,8958,190
22592,2026-07-22,9323,190
22593,2026-07-22,9087,190
22594,2026-07-22,9179,190
22595,2026-07-22,9167,190
22596,2026-07-22,8963,190
22597,2026-07-22,9125,190
22598,2026-07-22,9029,190
22599,2026-07-22,9015,190
22600,2026-07-22,9084,190
22601,2026-07-22,9147,190
22602,2026-07-22,8948,190
22603,2026-07-22,9295,190
22604,2026-07-22,9136,190
22605,2026-07-22,9339,190
22606,2026-07-22,9171,190
22607,2026-07-22,9201,190
22608,2026-07-22,9306,190
22609,2026-07-22,9249,190
22610,2026-07-22,9203,190
22611,2026-07-22,8972,190
22612,2026-07-22,9020,190
22613,2026-07-22,9080,190
22614,2026-07-22,9311,190
22615,2026-07-22,9154,190
22616,2026-07-22,9052,190
22617,2026-07-22,9101,190
22618,2026-07-22,9205,190
22619,2026-07-22,9113,190
22620,2026-07-22,9096,190
22621,2026-07-22,9021,190
22622,2026-07-22,8990,190
22623,2026-07-22,8966,190
22624,2026-07-22,9200,190
22625,2026-07-22,9283,190
22626,2026-07-22,9114,190
22627,2026-07-22,9245,190
22628,2026-07-22,9058,190
22629,2026-07-22,9124,190
22630,2026-07-22,9276,190
22631,2026-07-22,9077,190
22632,2026-07-22,9139,190
22633,2026-07-22,9238,190
22634,2026-07-22,9057,190
22635,2026-07-22,9043,190
22636,2026-07-22,9061,190
22637,2026-07-22,9338,190
22638,2026-07-22,9037,190
22639,2026-07-22,9290,190
22640,2026-07-22,9076,190
22641,2026-07-22,9189,190
22642,2026-07-22,9199,190
22643,2026-07-22,9218,190
22644,2026-07-22,9074,190
22645,2026-07-22,9068,190
22646,2026-07-22,8953,190
22647,2026-07-22,8989,190
22648,2026-07-22,9291,190
22649,2026-07-22,9271,190
22650,2026-07-22,9277,190
22651,2026-07-22,9163,190
22652,2026-07-22,9285,190
22653,2026-07-22,9224,190
22654,2026-07-22,9066,190
22655,2026-07-22,9069,190
22656,2026-07-22,9160,190
22657,2026-07-22,9325,190
22658,2026-07-22,9155,190
22659,2026-07-22,9214,190
22660,2026-07-22,9219,190
22661,2026-07-22,8949,190
22662,2026-07-22,9305,190
22663,2026-07-22,9194,190
22664,2026-07-22,9228,190
22665,2026-07-22,9225,190
22666,2026-07-22,9299,190
22667,2026-07-22,9092,190
22668,2026-07-22,9234,190
22669,2026-07-22,9319,190
22670,2026-07-22,9130,190
22671,2026-07-22,9054,190
22672,2026-07-22,9111,190
22673,2026-07-22,9268,190
22674,2026-07-22,9284,190
22675,2026-07-22,8981,190
22676,2026-07-22,9156,190
22677,2026-07-22,9046,190
22678,2026-07-22,9031,190
22679,2026-07-22,9243,190
22680,2026-07-22,9241,190
22681,2026-07-22,8964,190
22682,2026-07-22,9071,190
22683,2026-07-22,9019,190
22684,2026-07-22,9035,190
22685,2026-07-22,9175,190
22686,2026-07-22,9242,190
22687,2026-07-22,9121,190
22688,2026-07-22,9095,190
22689,2026-07-22,9266,190
22690,2026-07-22,9006,190
22691,2026-07-22,8962,190
22692,2026-07-22,9181,190
22693,2026-07-22,9231,190
22694,2026-07-22,9174,190
22695,2026-07-22,9310,190
22696,2026-07-22,9340,190
22697,2026-07-22,9226,190
22698,2026-07-22,9330,190
22699,2026-07-22,8965,190
22700,2026-07-22,9004,190
22701,2026-07-22,9137,190
22702,2026-07-22,9216,190
22703,2026-07-22,9100,190
22704,2026-07-22,9223,190
22705,2026-07-22,9183,190
22706,2026-07-22,9044,190
22707,2026-07-22,9303,190
22708,2026-07-22,9038,190
22709,2026-07-22,9294,190
22710,2026-07-22,9133,190
22711,2026-07-22,9008,190
22712,2026-07-22,8942,190
22713,2026-07-22,8954,190
22714,2026-07-22,9067,190
22715,2026-07-22,9099,190
22716,2026-07-22,8973,190
22717,2026-07-22,9022,190
22718,2026-07-22,9112,190
22719,2026-07-22,9328,190
22720,2026-07-22,9143,190
22721,2026-07-22,8993,190
22722,2026-07-22,9166,190
22723,2026-07-22,9065,190
22724,2026-07-22,9333,190
22725,2026-07-22,9120,190
22726,2026-07-22,8947,190
22727,2026-07-22,9215,190
22728,2026-07-22,8950,190
22729,2026-07-22,9198,190
22730,2026-07-22,9045,190
22731,2026-07-22,9108,190
22732,2026-07-22,9083,190
22733,2026-07-22,9336,190
22734,2026-07-22,9251,190
22735,2026-07-22,9102,190
22736,2026-07-22,9267,190
22737,2026-07-22,9281,190
22738,2026-07-22,9117,190
22739,2026-07-22,9013,190
22740,2026-07-22,9220,190
22741,2026-07-22,9055,190
22742,2026-07-22,9115,190
22743,2026-07-22,8998,190
22744,2026-07-22,8969,190
22745,2026-07-22,9027,190
22746,2026-07-22,9308,190
22747,2026-07-22,9270,190
22748,2026-07-22,9138,190
22749,2026-07-22,9304,190
22750,2026-07-22,8971,190
22751,2026-07-22,9134,190
22752,2026-07-22,9011,190
22753,2026-07-22,9039,190
22754,2026-07-22,9075,190
22755,2026-07-22,9072,190
22756,2026-07-22,9184,190
22757,2026-07-22,9016,190
22758,2026-07-22,9041,190
22759,2026-07-22,9208,190
22760,2026-07-22,9275,190
22761,2026-07-22,9239,190
22762,2026-07-22,9173,190
22763,2026-07-22,9289,190
22764,2026-07-22,9172,190
22765,2026-07-22,9110,190
22766,2026-07-22,9236,190
22767,2026-07-22,9337,190
22768,2026-07-22,9165,190
22769,2026-07-22,8951,190
22770,2026-07-22,9191,190
22771,2026-07-22,9282,190
22772,2026-07-22,9028,190
22773,2026-07-22,8987,190
22774,2026-07-22,9168,190
22775,2026-07-22,9298,190
22776,2026-07-22,9017,190
22777,2026-07-22,9062,190
22778,2026-07-22,9128,190
22779,2026-07-22,9169,190
22780,2026-07-22,8957,190
22781,2026-07-22,9059,190
22782,2026-07-22,8978,190
22783,2026-07-22,9064,190
22784,2026-07-22,9196,190
22785,2026-07-22,9053,190
22786,2026-07-22,9145,190
22787,2026-07-22,8997,190
22788,2026-07-22,9161,190
22789,2026-07-22,9237,190
22790,2026-07-22,9153,190
22791,2026-07-22,9026,190
22792,2026-07-22,9192,190
22793,2026-07-22,9132,190
22794,2026-07-22,9162,190
22795,2026-07-22,8960,190
22796,2026-07-22,9177,190
22797,2026-07-22,9157,190
22798,2026-07-22,9186,190
22799,2026-07-22,9086,190
22800,2026-07-22,8982,190
22801,2026-07-22,9158,190
22802,2026-07-22,9049,190
22803,2026-07-22,9178,190
22804,2026-07-22,9332,190
22805,2026-07-22,9030,190
22806,2026-07-22,9051,190
22807,2026-07-22,8977,190
22808,2026-07-22,9012,190
22809,2026-07-22,9314,190
22810,2026-07-22,9024,190
22811,2026-07-22,9093,190
22812,2026-07-22,9315,190
22813,2026-07-22,9142,190
22814,2026-07-22,9217,190
22815,2026-07-22,9126,190
22816,2026-07-22,9070,190
22817,2026-07-22,9313,190
22818,2026-07-22,9180,190
22819,2026-07-22,9005,190
22820,2026-07-22,9244,190
22821,2026-07-22,9091,190
22822,2026-07-22,9327,190
22823,2026-07-22,8986,190
22824,2026-07-22,9316,190
22825,2026-07-22,9116,190
22826,2026-07-22,8979,190
22827,2026-07-22,8994,190
22828,2026-07-22,9247,190
22829,2026-07-22,9206,190
22830,2026-07-22,9118,190
22831,2026-07-22,8980,190
22832,2026-07-22,9326,190
22833,2026-07-22,9312,190
22834,2026-07-22,8956,190
22835,2026-07-22,9269,190
22836,2026-07-22,9261,190
22837,2026-07-22,8967,190
22838,2026-07-22,9023,190
22839,2026-07-22,9097,190
22840,2026-07-22,9098,190
22841,2026-07-22,9204,191
22842,2026-07-22,8970,191
22843,2026-07-22,8981,191
22844,2026-07-22,8973,191
22845,2026-07-22,9116,191
22846,2026-07-22,8977,191
22847,2026-07-22,9160,191
22848,2026-07-22,9170,191
22849,2026-07-22,9216,191
22850,2026-07-22,9316,191
22851,2026-07-22,9241,191
22852,2026-07-22,9056,191
22853,2026-07-22,9073,191
22854,2026-07-22,9230,191
22855,2026-07-22,9015,191
22856,2026-07-22,8945,191
22857,2026-07-22,9310,191
22858,2026-07-22,9224,191
22859,2026-07-22,9010,191
22860,2026-07-22,9280,191
22861,2026-07-22,9030,191
22862,2026-07-22,9284,191
22863,2026-07-22,9147,191
22864,2026-07-22,9153,191
22865,2026-07-22,8962,191
22866,2026-07-22,9262,191
22867,2026-07-22,9027,191
22868,2026-07-22,8992,191
22869,2026-07-22,9097,191
22870,2026-07-22,9217,191
22871,2026-07-22,9171,191
22872,2026-07-22,9134,191
22873,2026-07-22,9333,191
22874,2026-07-22,9011,191
22875,2026-07-22,8993,191
22876,2026-07-22,9327,191
22877,2026-07-22,9292,191
22878,2026-07-22,9168,191
22879,2026-07-22,8943,191
22880,2026-07-22,9305,191
22881,2026-07-22,9063,191
22882,2026-07-22,9093,191
22883,2026-07-22,9166,191
22884,2026-07-22,9018,191
22885,2026-07-22,9214,191
22886,2026-07-22,9288,191
22887,2026-07-22,9151,191
22888,2026-07-22,9250,191
22889,2026-07-22,9231,191
22890,2026-07-22,8944,191
22891,2026-07-22,8952,191
22892,2026-07-22,8969,191
22893,2026-07-22,9131,191
22894,2026-07-22,8976,191
22895,2026-07-22,9256,191
22896,2026-07-22,9080,191
22897,2026-07-22,9321,191
22898,2026-07-22,9195,191
22899,2026-07-22,9155,191
22900,2026-07-22,9084,191
22901,2026-07-22,9235,191
22902,2026-07-22,9052,191
22903,2026-07-22,8964,191
22904,2026-07-22,9128,191
22905,2026-07-22,9104,191
22906,2026-07-22,9315,191
22907,2026-07-22,9169,191
22908,2026-07-22,9199,191
22909,2026-07-22,9324,191
22910,2026-07-22,9023,191
22911,2026-07-22,9044,191
22912,2026-07-22,9154,191
22913,2026-07-22,9039,191
22914,2026-07-22,9086,191
22915,2026-07-22,9148,191
22916,2026-07-22,9287,191
22917,2026-07-22,9312,191
22918,2026-07-22,9162,191
22919,2026-07-22,9338,191
22920,2026-07-22,8947,191
22921,2026-07-22,9277,191
22922,2026-07-22,9014,191
22923,2026-07-22,9065,191
22924,2026-07-22,8967,191
22925,2026-07-22,9212,191
22926,2026-07-22,9046,191
22927,2026-07-22,9163,191
22928,2026-07-22,9248,191
22929,2026-07-22,9263,191
22930,2026-07-22,9276,191
22931,2026-07-22,9140,191
22932,2026-07-22,9211,191
22933,2026-07-22,9223,191
22934,2026-07-22,9156,191
22935,2026-07-22,8957,191
22936,2026-07-22,9005,191
22937,2026-07-22,9198,191
22938,2026-07-22,9149,191
22939,2026-07-22,9165,191
22940,2026-07-22,9309,191
22941,2026-07-22,9193,191
22942,2026-07-22,8941,191
22943,2026-07-22,9174,191
22944,2026-07-22,9062,191
22945,2026-07-22,9295,191
22946,2026-07-22,9082,191
22947,2026-07-22,9233,191
22948,2026-07-22,9283,191
22949,2026-07-22,9219,191
22950,2026-07-22,9300,191
22951,2026-07-22,9191,191
22952,2026-07-22,9002,191
22953,2026-07-22,9040,191
22954,2026-07-22,9132,191
22955,2026-07-22,9115,191
22956,2026-07-22,9187,191
22957,2026-07-22,9238,191
22958,2026-07-22,9072,191
22959,2026-07-22,9102,191
22960,2026-07-22,8994,191
22961,2026-07-22,9164,191
22962,2026-07-22,9218,191
22963,2026-07-22,9257,191
22964,2026-07-22,9041,191
22965,2026-07-22,9006,191
22966,2026-07-22,9031,191
22967,2026-07-22,9122,191
22968,2026-07-22,9085,191
22969,2026-07-22,9314,191
22970,2026-07-22,9001,191
22971,2026-07-22,9303,191
22972,2026-07-22,9144,191
22973,2026-07-22,9103,191
22974,2026-07-22,9254,191
22975,2026-07-22,9060,191
22976,2026-07-22,9118,191
22977,2026-07-22,9229,191
22978,2026-07-22,9294,191
22979,2026-07-22,9337,191
22980,2026-07-22,9172,191
22981,2026-07-22,9111,191
22982,2026-07-22,9299,191
22983,2026-07-22,9088,191
22984,2026-07-22,9032,191
22985,2026-07-22,8956,191
22986,2026-07-22,9320,191
22987,2026-07-22,9026,191
22988,2026-07-22,8971,191
22989,2026-07-22,9078,191
22990,2026-07-22,8983,191
22991,2026-07-22,9232,191
22992,2026-07-22,9313,191
22993,2026-07-22,9253,191
22994,2026-07-22,9176,191
22995,2026-07-22,9221,191
22996,2026-07-22,8972,191
22997,2026-07-22,9336,191
22998,2026-07-22,9215,191
22999,2026-07-22,9167,191
23000,2026-07-22,9298,191
23001,2026-07-22,8996,191
23002,2026-07-22,9098,191
23003,2026-07-22,9286,191
23004,2026-07-22,9112,191
23005,2026-07-22,9260,191
23006,2026-07-22,9145,191
23007,2026-07-22,9123,191
23008,2026-07-22,8979,191
23009,2026-07-22,9045,191
23010,2026-07-22,9240,191
23011,2026-07-22,9019,191
23012,2026-07-22,8984,191
23013,2026-07-22,9274,191
23014,2026-07-22,8965,191
23015,2026-07-22,9100,191
23016,2026-07-22,9237,191
23017,2026-07-22,9259,191
23018,2026-07-22,9058,191
23019,2026-07-22,9069,191
23020,2026-07-22,9245,191
23021,2026-07-22,9323,191
23022,2026-07-22,9089,191
23023,2026-07-22,9225,191
23024,2026-07-22,9319,191
23025,2026-07-22,8991,191
23026,2026-07-22,9053,191
23027,2026-07-22,9227,191
23028,2026-07-22,9249,191
23029,2026-07-22,8978,191
23030,2026-07-22,8951,191
23031,2026-07-22,9234,191
23032,2026-07-22,9268,191
23033,2026-07-22,9071,191
23034,2026-07-22,9130,191
23035,2026-07-22,8982,191
23036,2026-07-22,9119,191
23037,2026-07-22,9272,191
23038,2026-07-22,9074,191
23039,2026-07-22,9194,191
23040,2026-07-22,9064,191
23041,2026-07-22,9124,191
23042,2026-07-22,8950,191
23043,2026-07-22,9067,191
23044,2026-07-22,8955,191
23045,2026-07-22,9207,191
23046,2026-07-22,9137,191
23047,2026-07-22,9127,191
23048,2026-07-22,9282,191
23049,2026-07-22,9181,191
23050,2026-07-22,9332,191
23051,2026-07-22,9325,191
23052,2026-07-22,8953,191
23053,2026-07-22,9186,191
23054,2026-07-22,9108,191
23055,2026-07-22,8960,191
23056,2026-07-22,9117,191
23057,2026-07-22,9173,191
23058,2026-07-22,9022,191
23059,2026-07-22,9291,191
23060,2026-07-22,9125,191
23061,2026-07-22,9178,191
23062,2026-07-22,9208,191
23063,2026-07-22,8963,191
23064,2026-07-22,9033,191
23065,2026-07-22,9024,191
23066,2026-07-22,9270,191
23067,2026-07-22,9340,191
23068,2026-07-22,8989,191
23069,2026-07-22,9059,191
23070,2026-07-22,9261,191
23071,2026-07-22,9306,191
23072,2026-07-22,8995,191
23073,2026-07-22,9047,191
23074,2026-07-22,9183,191
23075,2026-07-22,9273,191
23076,2026-07-22,9179,191
23077,2026-07-22,9136,191
23078,2026-07-22,9289,191
23079,2026-07-22,9143,191
23080,2026-07-22,9138,191
23081,2026-07-22,9177,191
23082,2026-07-22,9302,191
23083,2026-07-22,8999,191
23084,2026-07-22,9290,191
23085,2026-07-22,9146,191
23086,2026-07-22,9055,191
23087,2026-07-22,8998,191
23088,2026-07-22,9070,191
23089,2026-07-22,9076,191
23090,2026-07-22,9096,191
23091,2026-07-22,9150,191
23092,2026-07-22,9304,191
23093,2026-07-22,9189,191
23094,2026-07-22,9188,191
23095,2026-07-22,9120,191
23096,2026-07-22,9008,191
23097,2026-07-22,9107,191
23098,2026-07-22,9192,191
23099,2026-07-22,9017,191
23100,2026-07-22,9206,191
23101,2026-07-22,9252,191
23102,2026-07-22,9279,191
23103,2026-07-22,9203,191
23104,2026-07-22,9092,191
23105,2026-07-22,9278,191
23106,2026-07-22,9158,191
23107,2026-07-22,9185,191
23108,2026-07-22,8980,191
23109,2026-07-22,9020,191
23110,2026-07-22,9247,191
23111,2026-07-22,9061,191
23112,2026-07-22,9007,191
23113,2026-07-22,9331,191
23114,2026-07-22,9293,191
23115,2026-07-22,9322,191
23116,2026-07-22,9175,191
23117,2026-07-22,9025,191
23118,2026-07-22,9016,191
23119,2026-07-22,9035,191
23120,2026-07-22,9275,191
23121,2026-07-22,9113,191
23122,2026-07-22,9271,191
23123,2026-07-22,9012,191
23124,2026-07-22,9028,191
23125,2026-07-22,9317,191
23126,2026-07-22,9197,191
23127,2026-07-22,9328,191
23128,2026-07-22,9330,191
23129,2026-07-22,9202,191
23130,2026-07-22,8990,191
23131,2026-07-22,9000,191
23132,2026-07-22,9133,191
23133,2026-07-22,9311,191
23134,2026-07-22,8968,191
23135,2026-07-22,8949,191
23136,2026-07-22,9258,191
23137,2026-07-22,9110,191
23138,2026-07-22,9226,191
23139,2026-07-22,9264,191
23140,2026-07-22,9269,191
23141,2026-07-22,9079,191
23142,2026-07-22,8985,191
23143,2026-07-22,9246,191
23144,2026-07-22,9050,191
23145,2026-07-22,9141,191
23146,2026-07-22,9142,191
23147,2026-07-22,9049,191
23148,2026-07-22,9266,191
23149,2026-07-22,9095,191
23150,2026-07-22,9255,191
23151,2026-07-22,9077,191
23152,2026-07-22,9004,191
23153,2026-07-22,9042,191
23154,2026-07-22,9114,191
23155,2026-07-22,9091,191
23156,2026-07-22,9196,191
23157,2026-07-22,8954,191
23158,2026-07-22,8946,191
23159,2026-07-22,9075,191
23160,2026-07-22,8942,191
23161,2026-07-22,9307,191
23162,2026-07-22,9126,191
23163,2026-07-22,9242,191
23164,2026-07-22,9326,191
23165,2026-07-22,9051,191
23166,2026-07-22,9068,191
23167,2026-07-22,9034,191
23168,2026-07-22,9228,191
23169,2026-07-22,9200,191
23170,2026-07-22,9285,191
23171,2026-07-22,8986,191
23172,2026-07-22,9054,191
23173,2026-07-22,9281,191
23174,2026-07-22,8961,191
23175,2026-07-22,9099,191
23176,2026-07-22,9013,191
23177,2026-07-22,9105,191
23178,2026-07-22,9038,191
23179,2026-07-22,8966,191
23180,2026-07-22,9121,191
23181,2026-07-22,9139,191
23182,2026-07-22,9335,191
23183,2026-07-22,9243,191
23184,2026-07-22,9213,191
23185,2026-07-22,9267,191
23186,2026-07-22,8987,191
23187,2026-07-22,9236,191
23188,2026-07-22,9037,191
23189,2026-07-22,9239,191
23190,2026-07-22,9036,191
23191,2026-07-22,9087,191
23192,2026-07-22,8948,191
23193,2026-07-22,9201,191
23194,2026-07-22,9083,191
23195,2026-07-22,9057,191
23196,2026-07-22,9204,192
23197,2026-07-22,8970,192
23198,2026-07-22,8981,192
23199,2026-07-22,8973,192
23200,2026-07-22,9116,192
23201,2026-07-22,8977,192
23202,2026-07-22,9160,192
23203,2026-07-22,9170,192
23204,2026-07-22,9216,192
23205,2026-07-22,9316,192
23206,2026-07-22,9241,192
23207,2026-07-22,9056,192
23208,2026-07-22,9073,192
23209,2026-07-22,9230,192
23210,2026-07-22,9015,192
23211,2026-07-22,8945,192
23212,2026-07-22,9310,192
23213,2026-07-22,9224,192
23214,2026-07-22,9010,192
23215,2026-07-22,9280,192
23216,2026-07-22,9030,192
23217,2026-07-22,9284,192
23218,2026-07-22,9147,192
23219,2026-07-22,9153,192
23220,2026-07-22,8962,192
23221,2026-07-22,9262,192
23222,2026-07-22,9027,192
23223,2026-07-22,8992,192
23224,2026-07-22,9097,192
23225,2026-07-22,9217,192
23226,2026-07-22,9171,192
23227,2026-07-22,9134,192
23228,2026-07-22,9333,192
23229,2026-07-22,9011,192
23230,2026-07-22,8993,192
23231,2026-07-22,9327,192
23232,2026-07-22,9292,192
23233,2026-07-22,9168,192
23234,2026-07-22,8943,192
23235,2026-07-22,9305,192
23236,2026-07-22,9063,192
23237,2026-07-22,9093,192
23238,2026-07-22,9166,192
23239,2026-07-22,9018,192
23240,2026-07-22,9214,192
23241,2026-07-22,9288,192
23242,2026-07-22,9151,192
23243,2026-07-22,9250,192
23244,2026-07-22,9231,192
23245,2026-07-22,8944,192
23246,2026-07-22,8952,192
23247,2026-07-22,8969,192
23248,2026-07-22,9131,192
23249,2026-07-22,8976,192
23250,2026-07-22,9256,192
23251,2026-07-22,9080,192
23252,2026-07-22,9321,192
23253,2026-07-22,9195,192
23254,2026-07-22,9155,192
23255,2026-07-22,9084,192
23256,2026-07-22,9235,192
23257,2026-07-22,9052,192
23258,2026-07-22,8964,192
23259,2026-07-22,9128,192
23260,2026-07-22,9104,192
23261,2026-07-22,9315,192
23262,2026-07-22,9169,192
23263,2026-07-22,9199,192
23264,2026-07-22,9324,192
23265,2026-07-22,9023,192
23266,2026-07-22,9044,192
23267,2026-07-22,9154,192
23268,2026-07-22,9039,192
23269,2026-07-22,9086,192
23270,2026-07-22,9148,192
23271,2026-07-22,9287,192
23272,2026-07-22,9312,192
23273,2026-07-22,9162,192
23274,2026-07-22,9338,192
23275,2026-07-22,8947,192
23276,2026-07-22,9277,192
23277,2026-07-22,9014,192
23278,2026-07-22,9065,192
23279,2026-07-22,8967,192
23280,2026-07-22,9212,192
23281,2026-07-22,9046,192
23282,2026-07-22,9163,192
23283,2026-07-22,9248,192
23284,2026-07-22,9263,192
23285,2026-07-22,9276,192
23286,2026-07-22,9140,192
23287,2026-07-22,9211,192
23288,2026-07-22,9223,192
23289,2026-07-22,9156,192
23290,2026-07-22,8957,192
23291,2026-07-22,9005,192
23292,2026-07-22,9198,192
23293,2026-07-22,9149,192
23294,2026-07-22,9165,192
23295,2026-07-22,9309,192
23296,2026-07-22,9193,192
23297,2026-07-22,8941,192
23298,2026-07-22,9174,192
23299,2026-07-22,9062,192
23300,2026-07-22,9295,192
23301,2026-07-22,9082,192
23302,2026-07-22,9233,192
23303,2026-07-22,9283,192
23304,2026-07-22,9219,192
23305,2026-07-22,9300,192
23306,2026-07-22,9191,192
23307,2026-07-22,9002,192
23308,2026-07-22,9040,192
23309,2026-07-22,9132,192
23310,2026-07-22,9115,192
23311,2026-07-22,9187,192
23312,2026-07-22,9238,192
23313,2026-07-22,9072,192
23314,2026-07-22,9102,192
23315,2026-07-22,8994,192
23316,2026-07-22,9164,192
23317,2026-07-22,9218,192
23318,2026-07-22,9257,192
23319,2026-07-22,9041,192
23320,2026-07-22,9006,192
23321,2026-07-22,9031,192
23322,2026-07-22,9122,192
23323,2026-07-22,9085,192
23324,2026-07-22,9314,192
23325,2026-07-22,9001,192
23326,2026-07-22,9303,192
23327,2026-07-22,9144,192
23328,2026-07-22,9103,192
23329,2026-07-22,9254,192
23330,2026-07-22,9060,192
23331,2026-07-22,9118,192
23332,2026-07-22,9229,192
23333,2026-07-22,9294,192
23334,2026-07-22,9337,192
23335,2026-07-22,9172,192
23336,2026-07-22,9111,192
23337,2026-07-22,9299,192
23338,2026-07-22,9088,192
23339,2026-07-22,9032,192
23340,2026-07-22,8956,192
23341,2026-07-22,9320,192
23342,2026-07-22,9026,192
23343,2026-07-22,8971,192
23344,2026-07-22,9078,192
23345,2026-07-22,8983,192
23346,2026-07-22,9232,192
23347,2026-07-22,9313,192
23348,2026-07-22,9253,192
23349,2026-07-22,9176,192
23350,2026-07-22,9221,192
23351,2026-07-22,8972,192
23352,2026-07-22,9336,192
23353,2026-07-22,9215,192
23354,2026-07-22,9167,192
23355,2026-07-22,9298,192
23356,2026-07-22,8996,192
23357,2026-07-22,9098,192
23358,2026-07-22,9286,192
23359,2026-07-22,9112,192
23360,2026-07-22,9260,192
23361,2026-07-22,9145,192
23362,2026-07-22,9123,192
23363,2026-07-22,8979,192
23364,2026-07-22,9045,192
23365,2026-07-22,9240,192
23366,2026-07-22,9019,192
23367,2026-07-22,8984,192
23368,2026-07-22,9274,192
23369,2026-07-22,8965,192
23370,2026-07-22,9100,192
23371,2026-07-22,9237,192
23372,2026-07-22,9259,192
23373,2026-07-22,9058,192
23374,2026-07-22,9069,192
23375,2026-07-22,9245,192
23376,2026-07-22,9323,192
23377,2026-07-22,9089,192
23378,2026-07-22,9225,192
23379,2026-07-22,9319,192
23380,2026-07-22,8991,192
23381,2026-07-22,9053,192
23382,2026-07-22,9227,192
23383,2026-07-22,9249,192
23384,2026-07-22,8978,192
23385,2026-07-22,8951,192
23386,2026-07-22,9234,192
23387,2026-07-22,9268,192
23388,2026-07-22,9071,192
23389,2026-07-22,9130,192
23390,2026-07-22,8982,192
23391,2026-07-22,9119,192
23392,2026-07-22,9272,192
23393,2026-07-22,9074,192
23394,2026-07-22,9194,192
23395,2026-07-22,9064,192
23396,2026-07-22,9124,192
23397,2026-07-22,8950,192
23398,2026-07-22,9067,192
23399,2026-07-22,8955,192
23400,2026-07-22,9207,192
23401,2026-07-22,9137,192
23402,2026-07-22,9127,192
23403,2026-07-22,9282,192
23404,2026-07-22,9181,192
23405,2026-07-22,9332,192
23406,2026-07-22,9325,192
23407,2026-07-22,8953,192
23408,2026-07-22,9186,192
23409,2026-07-22,9108,192
23410,2026-07-22,8960,192
23411,2026-07-22,9117,192
23412,2026-07-22,9173,192
23413,2026-07-22,9022,192
23414,2026-07-22,9291,192
23415,2026-07-22,9125,192
23416,2026-07-22,9178,192
23417,2026-07-22,9208,192
23418,2026-07-22,8963,192
23419,2026-07-22,9033,192
23420,2026-07-22,9024,192
23421,2026-07-22,9270,192
23422,2026-07-22,9340,192
23423,2026-07-22,8989,192
23424,2026-07-22,9059,192
23425,2026-07-22,9261,192
23426,2026-07-22,9306,192
23427,2026-07-22,8995,192
23428,2026-07-22,9047,192
23429,2026-07-22,9183,192
23430,2026-07-22,9273,192
23431,2026-07-22,9179,192
23432,2026-07-22,9136,192
23433,2026-07-22,9289,192
23434,2026-07-22,9143,192
23435,2026-07-22,9138,192
23436,2026-07-22,9177,192
23437,2026-07-22,9302,192
23438,2026-07-22,8999,192
23439,2026-07-22,9290,192
23440,2026-07-22,9146,192
23441,2026-07-22,9055,192
23442,2026-07-22,8998,192
23443,2026-07-22,9070,192
23444,2026-07-22,9076,192
23445,2026-07-22,9096,192
23446,2026-07-22,9150,192
23447,2026-07-22,9304,192
23448,2026-07-22,9189,192
23449,2026-07-22,9188,192
23450,2026-07-22,9120,192
23451,2026-07-22,9008,192
23452,2026-07-22,9107,192
23453,2026-07-22,9192,192
23454,2026-07-22,9017,192
23455,2026-07-22,9206,192
23456,2026-07-22,9252,192
23457,2026-07-22,9279,192
23458,2026-07-22,9203,192
23459,2026-07-22,9092,192
23460,2026-07-22,9278,192
23461,2026-07-22,9158,192
23462,2026-07-22,9185,192
23463,2026-07-22,8980,192
23464,2026-07-22,9020,192
23465,2026-07-22,9247,192
23466,2026-07-22,9061,192
23467,2026-07-22,9007,192
23468,2026-07-22,9331,192
23469,2026-07-22,9293,192
23470,2026-07-22,9322,192
23471,2026-07-22,9175,192
23472,2026-07-22,9025,192
23473,2026-07-22,9016,192
23474,2026-07-22,9035,192
23475,2026-07-22,9275,192
23476,2026-07-22,9113,192
23477,2026-07-22,9271,192
23478,2026-07-22,9012,192
23479,2026-07-22,9028,192
23480,2026-07-22,9317,192
23481,2026-07-22,9197,192
23482,2026-07-22,9328,192
23483,2026-07-22,9330,192
23484,2026-07-22,9202,192
23485,2026-07-22,8990,192
23486,2026-07-22,9000,192
23487,2026-07-22,9133,192
23488,2026-07-22,9311,192
23489,2026-07-22,8968,192
23490,2026-07-22,8949,192
23491,2026-07-22,9258,192
23492,2026-07-22,9110,192
23493,2026-07-22,9226,192
23494,2026-07-22,9264,192
23495,2026-07-22,9269,192
23496,2026-07-22,9079,192
23497,2026-07-22,8985,192
23498,2026-07-22,9246,192
23499,2026-07-22,9050,192
23500,2026-07-22,9141,192
23501,2026-07-22,9142,192
23502,2026-07-22,9049,192
23503,2026-07-22,9266,192
23504,2026-07-22,9095,192
23505,2026-07-22,9255,192
23506,2026-07-22,9077,192
23507,2026-07-22,9004,192
23508,2026-07-22,9042,192
23509,2026-07-22,9114,192
23510,2026-07-22,9091,192
23511,2026-07-22,9196,192
23512,2026-07-22,8954,192
23513,2026-07-22,8946,192
23514,2026-07-22,9075,192
23515,2026-07-22,8942,192
23516,2026-07-22,9307,192
23517,2026-07-22,9126,192
23518,2026-07-22,9242,192
23519,2026-07-22,9326,192
23520,2026-07-22,9051,192
23521,2026-07-22,9068,192
23522,2026-07-22,9034,192
23523,2026-07-22,9228,192
23524,2026-07-22,9200,192
23525,2026-07-22,9285,192
23526,2026-07-22,8986,192
23527,2026-07-22,9054,192
23528,2026-07-22,9281,192
23529,2026-07-22,8961,192
23530,2026-07-22,9099,192
23531,2026-07-22,9013,192
23532,2026-07-22,9105,192
23533,2026-07-22,9038,192
23534,2026-07-22,8966,192
23535,2026-07-22,9121,192
23536,2026-07-22,9139,192
23537,2026-07-22,9335,192
23538,2026-07-22,9243,192
23539,2026-07-22,9213,192
23540,2026-07-22,9267,192
23541,2026-07-22,8987,192
23542,2026-07-22,9236,192
23543,2026-07-22,9037,192
23544,2026-07-22,9239,192
23545,2026-07-22,9036,192
23546,2026-07-22,9087,192
23547,2026-07-22,8948,192
23548,2026-07-22,9201,192
23549,2026-07-22,9083,192
23550,2026-07-22,9057,192
23551,2026-07-22,9204,193
23552,2026-07-22,8970,193
23553,2026-07-22,8981,193
23554,2026-07-22,8973,193
23555,2026-07-22,9116,193
23556,2026-07-22,8977,193
23557,2026-07-22,9160,193
23558,2026-07-22,9170,193
23559,2026-07-22,9216,193
23560,2026-07-22,9316,193
23561,2026-07-22,9241,193
23562,2026-07-22,9056,193
23563,2026-07-22,9073,193
23564,2026-07-22,9230,193
23565,2026-07-22,9015,193
23566,2026-07-22,8945,193
23567,2026-07-22,9310,193
23568,2026-07-22,9224,193
23569,2026-07-22,9010,193
23570,2026-07-22,9280,193
23571,2026-07-22,9030,193
23572,2026-07-22,9284,193
23573,2026-07-22,9147,193
23574,2026-07-22,9153,193
23575,2026-07-22,8962,193
23576,2026-07-22,9262,193
23577,2026-07-22,9027,193
23578,2026-07-22,8992,193
23579,2026-07-22,9097,193
23580,2026-07-22,9217,193
23581,2026-07-22,9171,193
23582,2026-07-22,9134,193
23583,2026-07-22,9333,193
23584,2026-07-22,9011,193
23585,2026-07-22,8993,193
23586,2026-07-22,9327,193
23587,2026-07-22,9292,193
23588,2026-07-22,9168,193
23589,2026-07-22,8943,193
23590,2026-07-22,9305,193
23591,2026-07-22,9063,193
23592,2026-07-22,9093,193
23593,2026-07-22,9166,193
23594,2026-07-22,9018,193
23595,2026-07-22,9214,193
23596,2026-07-22,9288,193
23597,2026-07-22,9151,193
23598,2026-07-22,9250,193
23599,2026-07-22,9231,193
23600,2026-07-22,8944,193
23601,2026-07-22,8952,193
23602,2026-07-22,8969,193
23603,2026-07-22,9131,193
23604,2026-07-22,8976,193
23605,2026-07-22,9256,193
23606,2026-07-22,9080,193
23607,2026-07-22,9321,193
23608,2026-07-22,9195,193
23609,2026-07-22,9155,193
23610,2026-07-22,9084,193
23611,2026-07-22,9235,193
23612,2026-07-22,9052,193
23613,2026-07-22,8964,193
23614,2026-07-22,9128,193
23615,2026-07-22,9104,193
23616,2026-07-22,9315,193
23617,2026-07-22,9169,193
23618,2026-07-22,9199,193
23619,2026-07-22,9324,193
23620,2026-07-22,9023,193
23621,2026-07-22,9044,193
23622,2026-07-22,9154,193
23623,2026-07-22,9039,193
23624,2026-07-22,9086,193
23625,2026-07-22,9148,193
23626,2026-07-22,9287,193
23627,2026-07-22,9312,193
23628,2026-07-22,9162,193
23629,2026-07-22,9338,193
23630,2026-07-22,8947,193
23631,2026-07-22,9277,193
23632,2026-07-22,9014,193
23633,2026-07-22,9065,193
23634,2026-07-22,8967,193
23635,2026-07-22,9212,193
23636,2026-07-22,9046,193
23637,2026-07-22,9163,193
23638,2026-07-22,9248,193
23639,2026-07-22,9263,193
23640,2026-07-22,9276,193
23641,2026-07-22,9140,193
23642,2026-07-22,9211,193
23643,2026-07-22,9223,193
23644,2026-07-22,9156,193
23645,2026-07-22,8957,193
23646,2026-07-22,9005,193
23647,2026-07-22,9198,193
23648,2026-07-22,9149,193
23649,2026-07-22,9165,193
23650,2026-07-22,9309,193
23651,2026-07-22,9193,193
23652,2026-07-22,8941,193
23653,2026-07-22,9174,193
23654,2026-07-22,9062,193
23655,2026-07-22,9295,193
23656,2026-07-22,9082,193
23657,2026-07-22,9233,193
23658,2026-07-22,9283,193
23659,2026-07-22,9219,193
23660,2026-07-22,9300,193
23661,2026-07-22,9191,193
23662,2026-07-22,9002,193
23663,2026-07-22,9040,193
23664,2026-07-22,9132,193
23665,2026-07-22,9115,193
23666,2026-07-22,9187,193
23667,2026-07-22,9238,193
23668,2026-07-22,9072,193
23669,2026-07-22,9102,193
23670,2026-07-22,8994,193
23671,2026-07-22,9164,193
23672,2026-07-22,9218,193
23673,2026-07-22,9257,193
23674,2026-07-22,9041,193
23675,2026-07-22,9006,193
23676,2026-07-22,9031,193
23677,2026-07-22,9122,193
23678,2026-07-22,9085,193
23679,2026-07-22,9314,193
23680,2026-07-22,9001,193
23681,2026-07-22,9303,193
23682,2026-07-22,9144,193
23683,2026-07-22,9103,193
23684,2026-07-22,9254,193
23685,2026-07-22,9060,193
23686,2026-07-22,9118,193
23687,2026-07-22,9229,193
23688,2026-07-22,9294,193
23689,2026-07-22,9337,193
23690,2026-07-22,9172,193
23691,2026-07-22,9111,193
23692,2026-07-22,9299,193
23693,2026-07-22,9088,193
23694,2026-07-22,9032,193
23695,2026-07-22,8956,193
23696,2026-07-22,9320,193
23697,2026-07-22,9026,193
23698,2026-07-22,8971,193
23699,2026-07-22,9078,193
23700,2026-07-22,8983,193
23701,2026-07-22,9232,193
23702,2026-07-22,9313,193
23703,2026-07-22,9253,193
23704,2026-07-22,9176,193
23705,2026-07-22,9221,193
23706,2026-07-22,8972,193
23707,2026-07-22,9336,193
23708,2026-07-22,9215,193
23709,2026-07-22,9167,193
23710,2026-07-22,9298,193
23711,2026-07-22,8996,193
23712,2026-07-22,9098,193
23713,2026-07-22,9286,193
23714,2026-07-22,9112,193
23715,2026-07-22,9260,193
23716,2026-07-22,9145,193
23717,2026-07-22,9123,193
23718,2026-07-22,8979,193
23719,2026-07-22,9045,193
23720,2026-07-22,9240,193
23721,2026-07-22,9019,193
23722,2026-07-22,8984,193
23723,2026-07-22,9274,193
23724,2026-07-22,8965,193
23725,2026-07-22,9100,193
23726,2026-07-22,9237,193
23727,2026-07-22,9259,193
23728,2026-07-22,9058,193
23729,2026-07-22,9069,193
23730,2026-07-22,9245,193
23731,2026-07-22,9323,193
23732,2026-07-22,9089,193
23733,2026-07-22,9225,193
23734,2026-07-22,9319,193
23735,2026-07-22,8991,193
23736,2026-07-22,9053,193
23737,2026-07-22,9227,193
23738,2026-07-22,9249,193
23739,2026-07-22,8978,193
23740,2026-07-22,8951,193
23741,2026-07-22,9234,193
23742,2026-07-22,9268,193
23743,2026-07-22,9071,193
23744,2026-07-22,9130,193
23745,2026-07-22,8982,193
23746,2026-07-22,9119,193
23747,2026-07-22,9272,193
23748,2026-07-22,9074,193
23749,2026-07-22,9194,193
23750,2026-07-22,9064,193
23751,2026-07-22,9124,193
23752,2026-07-22,8950,193
23753,2026-07-22,9067,193
23754,2026-07-22,8955,193
23755,2026-07-22,9207,193
23756,2026-07-22,9137,193
23757,2026-07-22,9127,193
23758,2026-07-22,9282,193
23759,2026-07-22,9181,193
23760,2026-07-22,9332,193
23761,2026-07-22,9325,193
23762,2026-07-22,8953,193
23763,2026-07-22,9186,193
23764,2026-07-22,9108,193
23765,2026-07-22,8960,193
23766,2026-07-22,9117,193
23767,2026-07-22,9173,193
23768,2026-07-22,9022,193
23769,2026-07-22,9291,193
23770,2026-07-22,9125,193
23771,2026-07-22,9178,193
23772,2026-07-22,9208,193
23773,2026-07-22,8963,193
23774,2026-07-22,9033,193
23775,2026-07-22,9024,193
23776,2026-07-22,9270,193
23777,2026-07-22,9340,193
23778,2026-07-22,8989,193
23779,2026-07-22,9059,193
23780,2026-07-22,9261,193
23781,2026-07-22,9306,193
23782,2026-07-22,8995,193
23783,2026-07-22,9047,193
23784,2026-07-22,9183,193
23785,2026-07-22,9273,193
23786,2026-07-22,9179,193
23787,2026-07-22,9136,193
23788,2026-07-22,9289,193
23789,2026-07-22,9143,193
23790,2026-07-22,9138,193
23791,2026-07-22,9177,193
23792,2026-07-22,9302,193
23793,2026-07-22,8999,193
23794,2026-07-22,9290,193
23795,2026-07-22,9146,193
23796,2026-07-22,9055,193
23797,2026-07-22,8998,193
23798,2026-07-22,9070,193
23799,2026-07-22,9076,193
23800,2026-07-22,9096,193
23801,2026-07-22,9150,193
23802,2026-07-22,9304,193
23803,2026-07-22,9189,193
23804,2026-07-22,9188,193
23805,2026-07-22,9120,193
23806,2026-07-22,9008,193
23807,2026-07-22,9107,193
23808,2026-07-22,9192,193
23809,2026-07-22,9017,193
23810,2026-07-22,9206,193
23811,2026-07-22,9252,193
23812,2026-07-22,9279,193
23813,2026-07-22,9203,193
23814,2026-07-22,9092,193
23815,2026-07-22,9278,193
23816,2026-07-22,9158,193
23817,2026-07-22,9185,193
23818,2026-07-22,8980,193
23819,2026-07-22,9020,193
23820,2026-07-22,9247,193
23821,2026-07-22,9061,193
23822,2026-07-22,9007,193
23823,2026-07-22,9331,193
23824,2026-07-22,9293,193
23825,2026-07-22,9322,193
23826,2026-07-22,9175,193
23827,2026-07-22,9025,193
23828,2026-07-22,9016,193
23829,2026-07-22,9035,193
23830,2026-07-22,9275,193
23831,2026-07-22,9113,193
23832,2026-07-22,9271,193
23833,2026-07-22,9012,193
23834,2026-07-22,9028,193
23835,2026-07-22,9317,193
23836,2026-07-22,9197,193
23837,2026-07-22,9328,193
23838,2026-07-22,9330,193
23839,2026-07-22,9202,193
23840,2026-07-22,8990,193
23841,2026-07-22,9000,193
23842,2026-07-22,9133,193
23843,2026-07-22,9311,193
23844,2026-07-22,8968,193
23845,2026-07-22,8949,193
23846,2026-07-22,9258,193
23847,2026-07-22,9110,193
23848,2026-07-22,9226,193
23849,2026-07-22,9264,193
23850,2026-07-22,9269,193
23851,2026-07-22,9079,193
23852,2026-07-22,8985,193
23853,2026-07-22,9246,193
23854,2026-07-22,9050,193
23855,2026-07-22,9141,193
23856,2026-07-22,9142,193
23857,2026-07-22,9049,193
23858,2026-07-22,9266,193
23859,2026-07-22,9095,193
23860,2026-07-22,9255,193
23861,2026-07-22,9077,193
23862,2026-07-22,9004,193
23863,2026-07-22,9042,193
23864,2026-07-22,9114,193
23865,2026-07-22,9091,193
23866,2026-07-22,9196,193
23867,2026-07-22,8954,193
23868,2026-07-22,8946,193
23869,2026-07-22,9075,193
23870,2026-07-22,8942,193
23871,2026-07-22,9307,193
23872,2026-07-22,9126,193
23873,2026-07-22,9242,193
23874,2026-07-22,9326,193
23875,2026-07-22,9051,193
23876,2026-07-22,9068,193
23877,2026-07-22,9034,193
23878,2026-07-22,9228,193
23879,2026-07-22,9200,193
23880,2026-07-22,9285,193
23881,2026-07-22,8986,193
23882,2026-07-22,9054,193
23883,2026-07-22,9281,193
23884,2026-07-22,8961,193
23885,2026-07-22,9099,193
23886,2026-07-22,9013,193
23887,2026-07-22,9105,193
23888,2026-07-22,9038,193
23889,2026-07-22,8966,193
23890,2026-07-22,9121,193
23891,2026-07-22,9139,193
23892,2026-07-22,9335,193
23893,2026-07-22,9243,193
23894,2026-07-22,9213,193
23895,2026-07-22,9267,193
23896,2026-07-22,8987,193
23897,2026-07-22,9236,193
23898,2026-07-22,9037,193
23899,2026-07-22,9239,193
23900,2026-07-22,9036,193
23901,2026-07-22,9087,193
23902,2026-07-22,8948,193
23903,2026-07-22,9201,193
23904,2026-07-22,9083,193
23905,2026-07-22,9057,193
23906,2026-07-22,9204,194
23907,2026-07-22,8970,194
23908,2026-07-22,8981,194
23909,2026-07-22,8973,194
23910,2026-07-22,9116,194
23911,2026-07-22,8977,194
23912,2026-07-22,9160,194
23913,2026-07-22,9170,194
23914,2026-07-22,9216,194
23915,2026-07-22,9316,194
23916,2026-07-22,9241,194
23917,2026-07-22,9056,194
23918,2026-07-22,9073,194
23919,2026-07-22,9230,194
23920,2026-07-22,9015,194
23921,2026-07-22,8945,194
23922,2026-07-22,9310,194
23923,2026-07-22,9224,194
23924,2026-07-22,9010,194
23925,2026-07-22,9280,194
23926,2026-07-22,9030,194
23927,2026-07-22,9284,194
23928,2026-07-22,9147,194
23929,2026-07-22,9153,194
23930,2026-07-22,8962,194
23931,2026-07-22,9262,194
23932,2026-07-22,9027,194
23933,2026-07-22,8992,194
23934,2026-07-22,9097,194
23935,2026-07-22,9217,194
23936,2026-07-22,9171,194
23937,2026-07-22,9134,194
23938,2026-07-22,9333,194
23939,2026-07-22,9011,194
23940,2026-07-22,8993,194
23941,2026-07-22,9327,194
23942,2026-07-22,9292,194
23943,2026-07-22,9168,194
23944,2026-07-22,8943,194
23945,2026-07-22,9305,194
23946,2026-07-22,9063,194
23947,2026-07-22,9093,194
23948,2026-07-22,9166,194
23949,2026-07-22,9018,194
23950,2026-07-22,9214,194
23951,2026-07-22,9288,194
23952,2026-07-22,9151,194
23953,2026-07-22,9250,194
23954,2026-07-22,9231,194
23955,2026-07-22,8944,194
23956,2026-07-22,8952,194
23957,2026-07-22,8969,194
23958,2026-07-22,9131,194
23959,2026-07-22,8976,194
23960,2026-07-22,9256,194
23961,2026-07-22,9080,194
23962,2026-07-22,9321,194
23963,2026-07-22,9195,194
23964,2026-07-22,9155,194
23965,2026-07-22,9084,194
23966,2026-07-22,9235,194
23967,2026-07-22,9052,194
23968,2026-07-22,8964,194
23969,2026-07-22,9128,194
23970,2026-07-22,9104,194
23971,2026-07-22,9315,194
23972,2026-07-22,9169,194
23973,2026-07-22,9199,194
23974,2026-07-22,9324,194
23975,2026-07-22,9023,194
23976,2026-07-22,9044,194
23977,2026-07-22,9154,194
23978,2026-07-22,9039,194
23979,2026-07-22,9086,194
23980,2026-07-22,9148,194
23981,2026-07-22,9287,194
23982,2026-07-22,9312,194
23983,2026-07-22,9162,194
23984,2026-07-22,9338,194
23985,2026-07-22,8947,194
23986,2026-07-22,9277,194
23987,2026-07-22,9014,194
23988,2026-07-22,9065,194
23989,2026-07-22,8967,194
23990,2026-07-22,9212,194
23991,2026-07-22,9046,194
23992,2026-07-22,9163,194
23993,2026-07-22,9248,194
23994,2026-07-22,9263,194
23995,2026-07-22,9276,194
23996,2026-07-22,9140,194
23997,2026-07-22,9211,194
23998,2026-07-22,9223,194
23999,2026-07-22,9156,194
24000,2026-07-22,8957,194
24001,2026-07-22,9005,194
24002,2026-07-22,9198,194
24003,2026-07-22,9149,194
24004,2026-07-22,9165,194
24005,2026-07-22,9309,194
24006,2026-07-22,9193,194
24007,2026-07-22,8941,194
24008,2026-07-22,9174,194
24009,2026-07-22,9062,194
24010,2026-07-22,9295,194
24011,2026-07-22,9082,194
24012,2026-07-22,9233,194
24013,2026-07-22,9283,194
24014,2026-07-22,9219,194
24015,2026-07-22,9300,194
24016,2026-07-22,9191,194
24017,2026-07-22,9002,194
24018,2026-07-22,9040,194
24019,2026-07-22,9132,194
24020,2026-07-22,9115,194
24021,2026-07-22,9187,194
24022,2026-07-22,9238,194
24023,2026-07-22,9072,194
24024,2026-07-22,9102,194
24025,2026-07-22,8994,194
24026,2026-07-22,9164,194
24027,2026-07-22,9218,194
24028,2026-07-22,9257,194
24029,2026-07-22,9041,194
24030,2026-07-22,9006,194
24031,2026-07-22,9031,194
24032,2026-07-22,9122,194
24033,2026-07-22,9085,194
24034,2026-07-22,9314,194
24035,2026-07-22,9001,194
24036,2026-07-22,9303,194
24037,2026-07-22,9144,194
24038,2026-07-22,9103,194
24039,2026-07-22,9254,194
24040,2026-07-22,9060,194
24041,2026-07-22,9118,194
24042,2026-07-22,9229,194
24043,2026-07-22,9294,194
24044,2026-07-22,9337,194
24045,2026-07-22,9172,194
24046,2026-07-22,9111,194
24047,2026-07-22,9299,194
24048,2026-07-22,9088,194
24049,2026-07-22,9032,194
24050,2026-07-22,8956,194
24051,2026-07-22,9320,194
24052,2026-07-22,9026,194
24053,2026-07-22,8971,194
24054,2026-07-22,9078,194
24055,2026-07-22,8983,194
24056,2026-07-22,9232,194
24057,2026-07-22,9313,194
24058,2026-07-22,9253,194
24059,2026-07-22,9176,194
24060,2026-07-22,9221,194
24061,2026-07-22,8972,194
24062,2026-07-22,9336,194
24063,2026-07-22,9215,194
24064,2026-07-22,9167,194
24065,2026-07-22,9298,194
24066,2026-07-22,8996,194
24067,2026-07-22,9098,194
24068,2026-07-22,9286,194
24069,2026-07-22,9112,194
24070,2026-07-22,9260,194
24071,2026-07-22,9145,194
24072,2026-07-22,9123,194
24073,2026-07-22,8979,194
24074,2026-07-22,9045,194
24075,2026-07-22,9240,194
24076,2026-07-22,9019,194
24077,2026-07-22,8984,194
24078,2026-07-22,9274,194
24079,2026-07-22,8965,194
24080,2026-07-22,9100,194
24081,2026-07-22,9237,194
24082,2026-07-22,9259,194
24083,2026-07-22,9058,194
24084,2026-07-22,9069,194
24085,2026-07-22,9245,194
24086,2026-07-22,9323,194
24087,2026-07-22,9089,194
24088,2026-07-22,9225,194
24089,2026-07-22,9319,194
24090,2026-07-22,8991,194
24091,2026-07-22,9053,194
24092,2026-07-22,9227,194
24093,2026-07-22,9249,194
24094,2026-07-22,8978,194
24095,2026-07-22,8951,194
24096,2026-07-22,9234,194
24097,2026-07-22,9268,194
24098,2026-07-22,9071,194
24099,2026-07-22,9130,194
24100,2026-07-22,8982,194
24101,2026-07-22,9119,194
24102,2026-07-22,9272,194
24103,2026-07-22,9074,194
24104,2026-07-22,9194,194
24105,2026-07-22,9064,194
24106,2026-07-22,9124,194
24107,2026-07-22,8950,194
24108,2026-07-22,9067,194
24109,2026-07-22,8955,194
24110,2026-07-22,9207,194
24111,2026-07-22,9137,194
24112,2026-07-22,9127,194
24113,2026-07-22,9282,194
24114,2026-07-22,9181,194
24115,2026-07-22,9332,194
24116,2026-07-22,9325,194
24117,2026-07-22,8953,194
24118,2026-07-22,9186,194
24119,2026-07-22,9108,194
24120,2026-07-22,8960,194
24121,2026-07-22,9117,194
24122,2026-07-22,9173,194
24123,2026-07-22,9022,194
24124,2026-07-22,9291,194
24125,2026-07-22,9125,194
24126,2026-07-22,9178,194
24127,2026-07-22,9208,194
24128,2026-07-22,8963,194
24129,2026-07-22,9033,194
24130,2026-07-22,9024,194
24131,2026-07-22,9270,194
24132,2026-07-22,9340,194
24133,2026-07-22,8989,194
24134,2026-07-22,9059,194
24135,2026-07-22,9261,194
24136,2026-07-22,9306,194
24137,2026-07-22,8995,194
24138,2026-07-22,9047,194
24139,2026-07-22,9183,194
24140,2026-07-22,9273,194
24141,2026-07-22,9179,194
24142,2026-07-22,9136,194
24143,2026-07-22,9289,194
24144,2026-07-22,9143,194
24145,2026-07-22,9138,194
24146,2026-07-22,9177,194
24147,2026-07-22,9302,194
24148,2026-07-22,8999,194
24149,2026-07-22,9290,194
24150,2026-07-22,9146,194
24151,2026-07-22,9055,194
24152,2026-07-22,8998,194
24153,2026-07-22,9070,194
24154,2026-07-22,9076,194
24155,2026-07-22,9096,194
24156,2026-07-22,9150,194
24157,2026-07-22,9304,194
24158,2026-07-22,9189,194
24159,2026-07-22,9188,194
24160,2026-07-22,9120,194
24161,2026-07-22,9008,194
24162,2026-07-22,9107,194
24163,2026-07-22,9192,194
24164,2026-07-22,9017,194
24165,2026-07-22,9206,194
24166,2026-07-22,9252,194
24167,2026-07-22,9279,194
24168,2026-07-22,9203,194
24169,2026-07-22,9092,194
24170,2026-07-22,9278,194
24171,2026-07-22,9158,194
24172,2026-07-22,9185,194
24173,2026-07-22,8980,194
24174,2026-07-22,9020,194
24175,2026-07-22,9247,194
24176,2026-07-22,9061,194
24177,2026-07-22,9007,194
24178,2026-07-22,9331,194
24179,2026-07-22,9293,194
24180,2026-07-22,9322,194
24181,2026-07-22,9175,194
24182,2026-07-22,9025,194
24183,2026-07-22,9016,194
24184,2026-07-22,9035,194
24185,2026-07-22,9275,194
24186,2026-07-22,9113,194
24187,2026-07-22,9271,194
24188,2026-07-22,9012,194
24189,2026-07-22,9028,194
24190,2026-07-22,9317,194
24191,2026-07-22,9197,194
24192,2026-07-22,9328,194
24193,2026-07-22,9330,194
24194,2026-07-22,9202,194
24195,2026-07-22,8990,194
24196,2026-07-22,9000,194
24197,2026-07-22,9133,194
24198,2026-07-22,9311,194
24199,2026-07-22,8968,194
24200,2026-07-22,8949,194
24201,2026-07-22,9258,194
24202,2026-07-22,9110,194
24203,2026-07-22,9226,194
24204,2026-07-22,9264,194
24205,2026-07-22,9269,194
24206,2026-07-22,9079,194
24207,2026-07-22,8985,194
24208,2026-07-22,9246,194
24209,2026-07-22,9050,194
24210,2026-07-22,9141,194
24211,2026-07-22,9142,194
24212,2026-07-22,9049,194
24213,2026-07-22,9266,194
24214,2026-07-22,9095,194
24215,2026-07-22,9255,194
24216,2026-07-22,9077,194
24217,2026-07-22,9004,194
24218,2026-07-22,9042,194
24219,2026-07-22,9114,194
24220,2026-07-22,9091,194
24221,2026-07-22,9196,194
24222,2026-07-22,8954,194
24223,2026-07-22,8946,194
24224,2026-07-22,9075,194
24225,2026-07-22,8942,194
24226,2026-07-22,9307,194
24227,2026-07-22,9126,194
24228,2026-07-22,9242,194
24229,2026-07-22,9326,194
24230,2026-07-22,9051,194
24231,2026-07-22,9068,194
24232,2026-07-22,9034,194
24233,2026-07-22,9228,194
24234,2026-07-22,9200,194
24235,2026-07-22,9285,194
24236,2026-07-22,8986,194
24237,2026-07-22,9054,194
24238,2026-07-22,9281,194
24239,2026-07-22,8961,194
24240,2026-07-22,9099,194
24241,2026-07-22,9013,194
24242,2026-07-22,9105,194
24243,2026-07-22,9038,194
24244,2026-07-22,8966,194
24245,2026-07-22,9121,194
24246,2026-07-22,9139,194
24247,2026-07-22,9335,194
24248,2026-07-22,9243,194
24249,2026-07-22,9213,194
24250,2026-07-22,9267,194
24251,2026-07-22,8987,194
24252,2026-07-22,9236,194
24253,2026-07-22,9037,194
24254,2026-07-22,9239,194
24255,2026-07-22,9036,194
24256,2026-07-22,9087,194
24257,2026-07-22,8948,194
24258,2026-07-22,9201,194
24259,2026-07-22,9083,194
24260,2026-07-22,9057,194
24261,2026-07-22,8967,195
24262,2026-07-22,9305,195
24263,2026-07-22,9277,195
24264,2026-07-22,8995,195
24265,2026-07-22,9056,195
24266,2026-07-22,8994,195
24267,2026-07-22,9255,195
24268,2026-07-22,8982,195
24269,2026-07-22,9294,195
24270,2026-07-22,8998,195
24271,2026-07-22,9080,195
24272,2026-07-22,9028,195
24273,2026-07-22,9177,195
24274,2026-07-22,9332,195
24275,2026-07-22,9187,195
24276,2026-07-22,9034,195
24277,2026-07-22,9031,195
24278,2026-07-22,9282,195
24279,2026-07-22,8979,195
24280,2026-07-22,8977,195
24281,2026-07-22,9252,195
24282,2026-07-22,9125,195
24283,2026-07-22,9246,195
24284,2026-07-22,9075,195
24285,2026-07-22,9223,195
24286,2026-07-22,9122,195
24287,2026-07-22,9064,195
24288,2026-07-22,9314,195
24289,2026-07-22,9275,195
24290,2026-07-22,9004,195
24291,2026-07-22,9293,195
24292,2026-07-22,9206,195
24293,2026-07-22,9079,195
24294,2026-07-22,9333,195
24295,2026-07-22,9309,195
24296,2026-07-22,9156,195
24297,2026-07-22,9201,195
24298,2026-07-22,9173,195
24299,2026-07-22,9086,195
24300,2026-07-22,9038,195
24301,2026-07-22,8965,195
24302,2026-07-22,9238,195
24303,2026-07-22,9313,195
24304,2026-07-22,9199,195
24305,2026-07-22,8956,195
24306,2026-07-22,9054,195
24307,2026-07-22,9098,195
24308,2026-07-22,9306,195
24309,2026-07-22,9310,195
24310,2026-07-22,9020,195
24311,2026-07-22,9171,195
24312,2026-07-22,9164,195
24313,2026-07-22,9317,195
24314,2026-07-22,9181,195
24315,2026-07-22,9158,195
24316,2026-07-22,8991,195
24317,2026-07-22,9159,195
24318,2026-07-22,8964,195
24319,2026-07-22,9162,195
24320,2026-07-22,9302,195
24321,2026-07-22,9060,195
24322,2026-07-22,9165,195
24323,2026-07-22,9089,195
24324,2026-07-22,9071,195
24325,2026-07-22,9316,195
24326,2026-07-22,9325,195
24327,2026-07-22,9110,195
24328,2026-07-22,9042,195
24329,2026-07-22,8947,195
24330,2026-07-22,9311,195
24331,2026-07-22,8981,195
24332,2026-07-22,9229,195
24333,2026-07-22,9208,195
24334,2026-07-22,9027,195
24335,2026-07-22,9288,195
24336,2026-07-22,9109,195
24337,2026-07-22,9030,195
24338,2026-07-22,9234,195
24339,2026-07-22,9084,195
24340,2026-07-22,9070,195
24341,2026-07-22,9132,195
24342,2026-07-22,9209,195
24343,2026-07-22,9330,195
24344,2026-07-22,9202,195
24345,2026-07-22,9012,195
24346,2026-07-22,9023,195
24347,2026-07-22,9013,195
24348,2026-07-22,9053,195
24349,2026-07-22,9130,195
24350,2026-07-22,9216,195
24351,2026-07-22,9287,195
24352,2026-07-22,8987,195
24353,2026-07-22,9111,195
24354,2026-07-22,9147,195
24355,2026-07-22,9336,195
24356,2026-07-22,9131,195
24357,2026-07-22,9163,195
24358,2026-07-22,9200,195
24359,2026-07-22,9118,195
24360,2026-07-22,9284,195
24361,2026-07-22,9214,195
24362,2026-07-22,9268,195
24363,2026-07-22,9326,195
24364,2026-07-22,8944,195
24365,2026-07-22,8988,195
24366,2026-07-22,9003,195
24367,2026-07-22,9044,195
24368,2026-07-22,9254,195
24369,2026-07-22,9289,195
24370,2026-07-22,9272,195
24371,2026-07-22,9174,195
24372,2026-07-22,9262,195
24373,2026-07-22,9261,195
24374,2026-07-22,8963,195
24375,2026-07-22,9151,195
24376,2026-07-22,9085,195
24377,2026-07-22,9186,195
24378,2026-07-22,9239,195
24379,2026-07-22,9137,195
24380,2026-07-22,9285,195
24381,2026-07-22,9155,195
24382,2026-07-22,9051,195
24383,2026-07-22,9192,195
24384,2026-07-22,9057,195
24385,2026-07-22,9324,195
24386,2026-07-22,9335,195
24387,2026-07-22,9136,195
24388,2026-07-22,8974,195
24389,2026-07-22,9337,195
24390,2026-07-22,9093,195
24391,2026-07-22,8989,195
24392,2026-07-22,8985,195
24393,2026-07-22,9247,195
24394,2026-07-22,9271,195
24395,2026-07-22,9193,195
24396,2026-07-22,9231,195
24397,2026-07-22,9264,195
24398,2026-07-22,9318,195
24399,2026-07-22,9087,195
24400,2026-07-22,8969,195
24401,2026-07-22,8942,195
24402,2026-07-22,9260,195
24403,2026-07-22,9149,195
24404,2026-07-22,9327,195
24405,2026-07-22,8993,195
24406,2026-07-22,9320,195
24407,2026-07-22,9014,195
24408,2026-07-22,9304,195
24409,2026-07-22,9001,195
24410,2026-07-22,9241,195
24411,2026-07-22,9018,195
24412,2026-07-22,9059,195
24413,2026-07-22,9035,195
24414,2026-07-22,9036,195
24415,2026-07-22,9142,195
24416,2026-07-22,9166,195
24417,2026-07-22,9102,195
24418,2026-07-22,9276,195
24419,2026-07-22,9298,195
24420,2026-07-22,9263,195
24421,2026-07-22,9076,195
24422,2026-07-22,9198,195
24423,2026-07-22,9116,195
24424,2026-07-22,8984,195
24425,2026-07-22,9211,195
24426,2026-07-22,8980,195
24427,2026-07-22,9182,195
24428,2026-07-22,9154,195
24429,2026-07-22,9052,195
24430,2026-07-22,9100,195
24431,2026-07-22,8952,195
24432,2026-07-22,9270,195
24433,2026-07-22,9088,195
24434,2026-07-22,9176,195
24435,2026-07-22,8996,195
24436,2026-07-22,9242,195
24437,2026-07-22,9115,195
24438,2026-07-22,9236,195
24439,2026-07-22,9123,195
24440,2026-07-22,9114,195
24441,2026-07-22,9269,195
24442,2026-07-22,9000,195
24443,2026-07-22,9144,195
24444,2026-07-22,8953,195
24445,2026-07-22,9286,195
24446,2026-07-22,9213,195
24447,2026-07-22,9248,195
24448,2026-07-22,9009,195
24449,2026-07-22,9048,195
24450,2026-07-22,9210,195
24451,2026-07-22,9005,195
24452,2026-07-22,9297,195
24453,2026-07-22,9152,195
24454,2026-07-22,9016,195
24455,2026-07-22,9094,195
24456,2026-07-22,9074,195
24457,2026-07-22,9250,195
24458,2026-07-22,9119,195
24459,2026-07-22,9019,195
24460,2026-07-22,9249,195
24461,2026-07-22,9283,195
24462,2026-07-22,9221,195
24463,2026-07-22,9278,195
24464,2026-07-22,9183,195
24465,2026-07-22,8954,195
24466,2026-07-22,9107,195
24467,2026-07-22,8968,195
24468,2026-07-22,9133,195
24469,2026-07-22,9218,195
24470,2026-07-22,9113,195
24471,2026-07-22,9058,195
24472,2026-07-22,9148,195
24473,2026-07-22,9232,195
24474,2026-07-22,9323,195
24475,2026-07-22,9237,195
24476,2026-07-22,8949,195
24477,2026-07-22,9153,195
24478,2026-07-22,9170,195
24479,2026-07-22,8970,195
24480,2026-07-22,9138,195
24481,2026-07-22,9082,195
24482,2026-07-22,8999,195
24483,2026-07-22,8978,195
24484,2026-07-22,9025,195
24485,2026-07-22,9128,195
24486,2026-07-22,9069,195
24487,2026-07-22,9117,195
24488,2026-07-22,8966,195
24489,2026-07-22,9032,195
24490,2026-07-22,9222,195
24491,2026-07-22,9011,195
24492,2026-07-22,9243,195
24493,2026-07-22,9225,195
24494,2026-07-22,9106,195
24495,2026-07-22,9215,195
24496,2026-07-22,9134,195
24497,2026-07-22,9096,195
24498,2026-07-22,9296,195
24499,2026-07-22,9295,195
24500,2026-07-22,9227,195
24501,2026-07-22,9280,195
24502,2026-07-22,9240,195
24503,2026-07-22,8960,195
24504,2026-07-22,9185,195
24505,2026-07-22,9037,195
24506,2026-07-22,9120,195
24507,2026-07-22,9050,195
24508,2026-07-22,8946,195
24509,2026-07-22,9312,195
24510,2026-07-22,9179,195
24511,2026-07-22,9195,195
24512,2026-07-22,9077,195
24513,2026-07-22,9160,195
24514,2026-07-22,9334,195
24515,2026-07-22,9092,195
24516,2026-07-22,9319,195
24517,2026-07-22,8983,195
24518,2026-07-22,9194,195
24519,2026-07-22,9140,195
24520,2026-07-22,8992,195
24521,2026-07-22,9253,195
24522,2026-07-22,9273,195
24523,2026-07-22,9061,195
24524,2026-07-22,9340,195
24525,2026-07-22,9078,195
24526,2026-07-22,8972,195
24527,2026-07-22,9299,195
24528,2026-07-22,9281,195
24529,2026-07-22,9002,195
24530,2026-07-22,9189,195
24531,2026-07-22,9290,195
24532,2026-07-22,9315,195
24533,2026-07-22,8950,195
24534,2026-07-22,9129,195
24535,2026-07-22,9008,195
24536,2026-07-22,9095,195
24537,2026-07-22,9307,195
24538,2026-07-22,9338,195
24539,2026-07-22,9267,195
24540,2026-07-22,9073,195
24541,2026-07-22,9041,195
24542,2026-07-22,9097,195
24543,2026-07-22,8976,195
24544,2026-07-22,9143,195
24545,2026-07-22,8961,195
24546,2026-07-22,9331,195
24547,2026-07-22,9026,195
24548,2026-07-22,9322,195
24549,2026-07-22,9039,195
24550,2026-07-22,9279,195
24551,2026-07-22,9197,195
24552,2026-07-22,9145,195
24553,2026-07-22,9010,195
24554,2026-07-22,8945,195
24555,2026-07-22,9329,195
24556,2026-07-22,8975,195
24557,2026-07-22,9135,195
24558,2026-07-22,9204,195
24559,2026-07-22,9172,195
24560,2026-07-22,9292,195
24561,2026-07-22,9063,195
24562,2026-07-22,9150,195
24563,2026-07-22,9300,195
24564,2026-07-22,9121,195
24565,2026-07-22,9212,195
24566,2026-07-22,8971,195
24567,2026-07-22,9081,195
24568,2026-07-22,9219,195
24569,2026-07-22,8962,195
24570,2026-07-22,9328,195
24571,2026-07-22,9257,195
24572,2026-07-22,9191,195
24573,2026-07-22,9228,195
24574,2026-07-22,8948,195
24575,2026-07-22,8990,195
24576,2026-07-22,9006,195
24577,2026-07-22,9207,195
24578,2026-07-22,9168,195
24579,2026-07-22,9235,195
24580,2026-07-22,8959,195
24581,2026-07-22,9047,195
24582,2026-07-22,9291,195
24583,2026-07-22,9099,195
24584,2026-07-22,9112,195
24585,2026-07-22,9178,195
24586,2026-07-22,9062,195
24587,2026-07-22,9256,195
24588,2026-07-22,9033,195
24589,2026-07-22,9067,195
24590,2026-07-22,9303,195
24591,2026-07-22,9090,195
24592,2026-07-22,9017,195
24593,2026-07-22,9104,195
24594,2026-07-22,9103,195
24595,2026-07-22,9083,195
24596,2026-07-22,9245,195
24597,2026-07-22,9274,195
24598,2026-07-22,9024,195
24599,2026-07-22,9321,195
24600,2026-07-22,9266,195
24601,2026-07-22,9040,195
24602,2026-07-22,9127,195
24603,2026-07-22,9175,195
24604,2026-07-22,9167,195
24605,2026-07-22,9049,195
24606,2026-07-22,8955,195
24607,2026-07-22,9226,195
24608,2026-07-22,9230,195
24609,2026-07-22,8941,195
24610,2026-07-22,9022,195
24611,2026-07-22,9203,195
24612,2026-07-22,9055,195
24613,2026-07-22,9217,195
24614,2026-07-22,9196,195
24615,2026-07-22,9126,195
24616,2026-07-22,9007,195
24617,2026-07-22,9188,195
24618,2026-07-22,9072,195
24619,2026-07-22,9233,195
24620,2026-07-22,9091,195
24621,2026-07-22,8986,195
24622,2026-07-22,8957,195
24623,2026-07-22,9169,195
24624,2026-07-22,9139,195
24625,2026-07-22,9258,195
